Price Date,Open Price,High Price,Low Price,Close Price,Trade Value,Number Of Trades,Traded Quantity
11-08-2022,1630,1631.35,1616,1619.95,5613033931,130406,3462090
10-08-2022,1621.2,1621.2,1588.1,1602.45,7074914444,155928,4423829
08-08-2022,1617,1622,1596,1619.4,6058238546,169613,3763409
05-08-2022,1608.4,1625.7,1602.3,1616.65,8667507627,175709,5361971
04-08-2022,1587.5,1603.85,1574.95,1599.9,11797374600,237197,7402209
03-08-2022,1549,1570,1539.9,1566.1,9368113438,188692,6011955
02-08-2022,1546.55,1547,1528.35,1543.6,6728992376,171243,4374635
01-08-2022,1564,1564,1537.9,1551.05,4624672840,149288,2983249
29-07-2022,1532.8,1555.7,1528,1549.7,10845376720,246805,7009465
28-07-2022,1496.4,1524.45,1489.85,1517.4,10033186129,252053,6636841
27-07-2022,1451,1473,1445,1471.05,6599237910,160787,4517285
26-07-2022,1496.65,1496.65,1445,1451.15,10619587082,265599,7268273
25-07-2022,1480.1,1517.15,1480.1,1503.6,11790653831,212233,7859626
22-07-2022,1534,1540,1492.15,1506.3,10584325682,215051,7020642
21-07-2022,1517,1535.45,1503.1,1532.9,7649415941,157115,5008061
20-07-2022,1501.25,1525.8,1500,1515.3,7698482417,158381,5079392
19-07-2022,1471.55,1486.85,1470.1,1484.15,5055304449,114499,3418540
18-07-2022,1450,1493.6,1448.05,1489.9,8645565249,162450,5835171
15-07-2022,1446,1446,1410.65,1430.35,8007893440,170216,5620018
14-07-2022,1451,1452.95,1414,1428.85,8832840290,144148,6157606
13-07-2022,1450,1460,1438.6,1444.45,7620819406,147896,5264025
12-07-2022,1461.8,1468.6,1436,1438.6,6832944704,181598,4710356
11-07-2022,1495,1499.9,1466.4,1473.15,6935483774,188382,4702815
08-07-2022,1515,1516.95,1499.95,1514.45,5510122804,155962,3652582
07-07-2022,1503.05,1513.95,1495.7,1498.7,4996860163,121073,3323472
06-07-2022,1482.2,1500,1470,1491.65,7740736358,156085,5209162
05-07-2022,1498.8,1509.95,1472,1475.95,11037088108,249546,7379669
04-07-2022,1480.25,1492.25,1462,1488,7098545533,220885,4800224
01-07-2022,1454,1485,1442.35,1479.4,6800417470,177961,4651635
30-06-2022,1465.05,1482,1455,1461.9,13430202954,237326,9165177
29-06-2022,1464.7,1477,1457,1463.25,7428509396,143914,5060038
28-06-2022,1469,1488.25,1453,1480.15,6480818446,143516,4412178
27-06-2022,1468.05,1484,1465.15,1474.6,6659914554,188158,4511097
24-06-2022,1458,1467.5,1428.9,1441.1,8817269189,260872,6114340
23-06-2022,1439.8,1458,1433,1452.45,9046655358,196616,6254281
22-06-2022,1436.05,1459.6,1435,1437.25,9037920247,172406,6253366
21-06-2022,1424,1456,1422.75,1449.9,9073788041,191713,6270787
20-06-2022,1390.05,1422.35,1382,1414.15,6451550708,143018,4595194
17-06-2022,1391.05,1396.95,1367.15,1387.3,13419695918,405928,9692047
16-06-2022,1438,1443.75,1392,1397.2,9368700309,286168,6641772
15-06-2022,1440.2,1446.4,1418.85,1422.2,6654855561,150561,4651958
14-06-2022,1410,1448.9,1403.15,1440.55,8755549345,201978,6090247
13-06-2022,1443.6,1443.6,1411.7,1424.5,9966035592,327403,6987685
10-06-2022,1486.1,1493.95,1473.6,1476.8,9659116722,234283,6516436
09-06-2022,1485,1516.95,1481.5,1515,6563050774,145083,4361061
08-06-2022,1520.2,1520.2,1492,1500,7058362388,170475,4697608
07-06-2022,1519.85,1519.85,1502.6,1506.7,7403178927,126118,4904592
06-06-2022,1516,1536.6,1493,1530.05,10059323385,210472,6624883
03-06-2022,1524.9,1555,1518,1521.7,14476219587,214669,9395707
02-06-2022,1484,1513.85,1475.6,1508,10788940909,181247,7205840
01-06-2022,1513,1514.75,1472.1,1478.55,13031629592,250909,8738508
31-05-2022,1510.7,1518,1488.15,1503.6,24109458124,208356,16033857
30-05-2022,1487,1530,1485,1526.8,16563555828,251321,10904213
27-05-2022,1443.95,1467,1437.4,1461.35,12029156202,213654,8284860
26-05-2022,1418,1430,1407.05,1423.95,18504582626,305186,13040065
25-05-2022,1435,1442.5,1399.25,1410.45,13664990145,262121,9630092
24-05-2022,1468.6,1469.55,1435.25,1441,8236426021.4,176635,5693167
23-05-2022,1455.1,1488,1450.05,1468.4,8678630195,194715,5887569
20-05-2022,1453,1466.75,1446.7,1455.15,15279529310,266730,10488908
19-05-2022,1481,1484.7,1417.65,1427.15,23807174900,659166,16561140
18-05-2022,1522,1549.7,1505.3,1509.2,10061219716,200417,6594126
17-05-2022,1494.9,1525,1480.9,1518.45,9829715301,228982,6516378
16-05-2022,1510,1511.85,1478.65,1489.1,9167743367,253982,6145331
13-05-2022,1519.3,1529.25,1498.1,1504.4,10193367340,203286,6723761
12-05-2022,1514,1527.5,1504.3,1508.8,10653003625,242670,7034979
11-05-2022,1549.95,1549.95,1511.6,1526.75,11966677214,291699,7846080
10-05-2022,1558,1569.15,1546.05,1553,9685176738,214384,6212545
09-05-2022,1540,1586.8,1522.15,1570.35,10698465307,265549,6832202
06-05-2022,1550,1561.85,1535.05,1542.85,9526090605,257203,6171472
05-05-2022,1560.05,1589.4,1557.45,1585.15,9715361526,217185,6144870
04-05-2022,1547.25,1570,1530.15,1535.55,9631379025,234262,6220959
02-05-2022,1550.9,1552.75,1531,1541,10879371919,301415,7072627
29-04-2022,1590,1597.3,1560.8,1567.55,15502990988,263325,9831395
28-04-2022,1570,1601.8,1557.45,1582.6,14622527487,234468,9245177
27-04-2022,1572.75,1572.75,1550.35,1552.8,13732718004,296887,8819356
26-04-2022,1577.2,1592,1566.55,1581,8460056311,181573,5345435
25-04-2022,1572.8,1572.8,1554.1,1561.1,10930323720,394157,7000570
22-04-2022,1604.35,1610.7,1582.4,1585.45,12984469892.15,418900,8134245
21-04-2022,1595,1627.2,1589.25,1618.8,12549264894,256268,7766514
20-04-2022,1575,1596.3,1563,1587.7,16915009922,391296,10678747
19-04-2022,1636.65,1636.65,1550,1562,27096225126,763964,17044923
18-04-2022,1605.5,1650,1590,1621.4,49630097106,1443330,30523965
13-04-2022,1754.95,1757.5,1732,1748.55,10933526248,223033,6257693
12-04-2022,1757.5,1757.5,1727.75,1742.45,11242708992,268976,6456184
11-04-2022,1814,1814,1762.55,1766.55,14641918535,374415,8248407
08-04-2022,1823,1838,1808,1814.6,9347538869,171076,5131446
07-04-2022,1821.05,1828.15,1807.55,1811,10529983626,236348,5797544
06-04-2022,1855,1857.5,1822.15,1828.85,9927969801,208906,5407453
05-04-2022,1883.8,1889.6,1857.15,1861.1,10239606829,203468,5472024
04-04-2022,1889.75,1893,1873,1882.95,13877776218,287232,7364074
01-04-2022,1886.85,1910.3,1878.3,1903.55,11692698942,154230,6171518
31-03-2022,1900,1913,1894.2,1906.85,10280780471,131746,5399145
30-03-2022,1910,1919,1895,1903.95,14864126250,178770,7795839
29-03-2022,1873.9,1889.4,1860.55,1886,7348234594,115629,3917785
28-03-2022,1866,1880.9,1852.65,1873.9,7487212707,131939,4008555
25-03-2022,1892,1894,1858,1876.55,6444362804,130194,3438588
24-03-2022,1856.15,1894.6,1856.15,1886.7,7129425934,114815,3784303
23-03-2022,1897,1900,1857,1872.4,11631503050,161491,6192824
22-03-2022,1850,1890,1839,1887.4,10697206781,202175,5709382
21-03-2022,1861,1886.9,1841.1,1853.05,15542599266,171756,8362085
17-03-2022,1923.3,1923.3,1833.05,1854.6,33153300057,251465,17731459
16-03-2022,1865,1893.95,1849,1889.4,9812820161,154465,5233979
15-03-2022,1888.35,1888.35,1830,1839.3,13230484534,224849,7140443
14-03-2022,1831.55,1895,1831.55,1890.7,19263377771,271878,10289724
11-03-2022,1814,1831.4,1811,1822,8673758340,148439,4758657
10-03-2022,1844.75,1844.75,1810.2,1825.9,11939977607,195637,6547182
09-03-2022,1791,1831.6,1791,1813.35,18538320341,290276,10193515
08-03-2022,1718.45,1800,1718.45,1778.2,19463755937,320286,10984500
07-03-2022,1697,1751,1696,1739.85,16894926798,317768,9742588
04-03-2022,1695.25,1736,1681,1723.3,15558102518,317226,9074499
03-03-2022,1720.2,1733.9,1705.55,1720.85,12652331996,262571,7344147
02-03-2022,1710,1714.4,1691,1702.8,11532701359,301403,6771489
28-02-2022,1682.2,1728.05,1665,1715.6,25772414335,330427,15076542
25-02-2022,1715,1728.15,1677,1694.6,16543242534,305050,9737281
24-02-2022,1690.1,1714.95,1670.5,1678.15,22970021734,376409,13592379
23-02-2022,1750,1758.25,1733.4,1742.85,9547154732,191067,5478811
22-02-2022,1699.9,1751,1691.05,1734.35,15281431405,227885,8878515
21-02-2022,1701,1737.3,1691.5,1730.7,8797869134,205567,5120890
18-02-2022,1710,1722.5,1703.5,1706.95,9590289596,159019,5602215
17-02-2022,1744,1749,1720.3,1724.8,6818374504,110732,3937950
16-02-2022,1738.25,1755.45,1726.85,1733.3,9314065943,162198,5350642
15-02-2022,1699,1746.75,1690.45,1738.25,8040412171,188794,4669915
14-02-2022,1690,1718.55,1678.25,1682.2,12670785136,280769,7459637
11-02-2022,1740,1745.95,1713,1721.35,12993527942,430200,7551371
10-02-2022,1755.65,1773.9,1748.75,1769.6,7631331627,206904,4334630
09-02-2022,1735,1743,1725,1737.3,6713900255,178730,3867244
08-02-2022,1710,1725,1696,1717.3,10363805940,222044,6053401
07-02-2022,1722.2,1732,1695.4,1715,7389275044,254813,4310209
04-02-2022,1732,1753.95,1710.15,1741.1,8160294996,193857,4700077
03-02-2022,1779,1779,1734,1738.55,6727366646,183506,3832922
02-02-2022,1789,1792.8,1772,1787.1,7595951820,146941,4253717
01-02-2022,1766.1,1780,1734.7,1772.05,9046788138,186159,5119935
31-01-2022,1718,1749.5,1715.35,1736.2,15264864509,313682,8788872
28-01-2022,1681,1727.55,1679.5,1686.2,18711813889,336935,10998502
27-01-2022,1702,1709.7,1665,1678.6,18884048987,495160,11231734
25-01-2022,1726.6,1740,1700.5,1722.15,15710645707,370958,9137653
24-01-2022,1765,1768.65,1728,1736.8,12414981413,261123,7116712
21-01-2022,1795,1808,1776,1785.7,14765723987,363701,8252758
20-01-2022,1844,1848,1815.5,1823.7,10114140157,267078,5533463
19-01-2022,1916,1916,1862.85,1867.05,10805850966,177957,5747770
18-01-2022,1922.1,1945,1911.45,1920.75,7100450832,209492,3690315
17-01-2022,1938.55,1953.9,1930.5,1939.5,10216874399,177946,5262464
14-01-2022,1882,1933,1881,1929.35,14706988627,225842,7688506
13-01-2022,1905,1912.5,1866.35,1896.8,27044612998,390078,14277630
12-01-2022,1868.9,1889,1860,1877.45,10050718588,195948,5362535
11-01-2022,1855,1870,1850.15,1855.6,9564958557,189308,5142287
10-01-2022,1815,1869.9,1813,1850.75,14554564594,227924,7857560
07-01-2022,1815.45,1836,1806.8,1814.3,8791606623,148117,4834389
06-01-2022,1828,1828,1800,1817.8,11686479371,232721,6449205
05-01-2022,1900,1902.9,1840,1844.65,12994844600,289755,6995719
04-01-2022,1898.45,1906.65,1878,1899.15,7408140297,120603,3921999
03-01-2022,1887.75,1914.05,1887.75,1898.45,6342326138,128107,3329616
31-12-2021,1890,1898.35,1871.65,1887.75,8717788086,132766,4619420
30-12-2021,1884.5,1909.8,1874.35,1892.85,8689853630,127547,4584738
29-12-2021,1883.5,1893.8,1876.4,1885.55,6104257384,94918,3236635
28-12-2021,1880.7,1895.9,1878.4,1888,6304763251,147835,3340933
27-12-2021,1860,1874.5,1845.05,1866.15,4935229850,141608,2647733
24-12-2021,1872.95,1875.75,1854,1863.5,7047796921,119651,3780347
23-12-2021,1831.25,1861.6,1827,1857.6,7607253609,160898,4112933
22-12-2021,1825,1829.15,1812.35,1824.7,7565456224,121978,4156428
21-12-2021,1801,1838,1801,1811.6,9753723500,204777,5353584
20-12-2021,1801.7,1829.65,1787.3,1798.9,10423053263,220523,5773891
17-12-2021,1820,1842,1806.75,1820.85,34427916211,398575,18887243
16-12-2021,1762.65,1777.6,1758,1771.6,7924136142,161944,4481031
15-12-2021,1745,1747.95,1721.2,1734.2,5289916760,123458,3053149
14-12-2021,1730.9,1763,1710.35,1752.15,8328622415,178424,4768144
13-12-2021,1767.05,1771.35,1738.8,1744.65,7076097488,138705,4040584
10-12-2021,1760,1763.75,1746,1759.25,3199026985,114797,1823469
09-12-2021,1759,1769.4,1742,1763.45,3658856607,90007,2082171
08-12-2021,1733,1759.8,1732.6,1753.35,5299514522,101838,3029169
07-12-2021,1701.1,1724.9,1694,1711.65,7191049986,113379,4202122
06-12-2021,1730,1733.95,1691.5,1695.3,6807306904,170662,3991449
03-12-2021,1771.1,1786.65,1732.55,1735.55,11876876754,172077,6754012
02-12-2021,1715,1750.5,1711.35,1748.25,9661020146,173258,5559574
01-12-2021,1715,1741.9,1713,1714.9,8967308950,204083,5193264
30-11-2021,1704.55,1729.9,1700.05,1712.65,25379600677,209403,14808963
29-11-2021,1691,1712,1669.15,1696.35,6681771091,187081,3942776
26-11-2021,1702.55,1718.35,1684,1691.65,7646702666,189716,4494181
25-11-2021,1700,1726.2,1696.95,1722.4,7678310604,141756,4476260
24-11-2021,1740,1740.5,1688,1696,12560636399,261744,7333061
23-11-2021,1735.1,1747.25,1710,1736.9,14616871616,228363,8436160
22-11-2021,1784,1785.4,1751.15,1759.4,11696747301,170729,6621839
18-11-2021,1781.6,1789.45,1759,1779.4,7675682400,154647,4326924
17-11-2021,1792.55,1802,1780.7,1787.45,8483456714,195585,4732492
16-11-2021,1790,1808.95,1777,1792.3,10846091249,173120,6034233
15-11-2021,1782.1,1800,1775.5,1787.15,7809957009,154854,4354074
12-11-2021,1743,1782.85,1738.05,1780.2,8954436975,142273,5069009
11-11-2021,1732.95,1739.75,1709,1733.3,8155869538,128994,4731349
10-11-2021,1726,1750.95,1721.95,1740.15,8305852157,115801,4780368
09-11-2021,1734.75,1750,1726,1742.5,6992803830,141964,4016134
08-11-2021,1730,1741,1703,1737.5,9063983394,194006,5245903
04-11-2021,1715,1717,1705,1708.7,826894810.3,45697,483407
03-11-2021,1709,1717.45,1699,1702.5,6027214982,159185,3530713
02-11-2021,1695,1706.45,1686.35,1697.9,5888203296,132426,3471772
01-11-2021,1677.5,1707.2,1676,1700.05,6166483836,156714,3636806
29-10-2021,1699,1712.6,1661.05,1667.75,9914259073,212408,5875091
28-10-2021,1719.35,1724.75,1692.05,1703.9,9114701909,194339,5329972
27-10-2021,1709.1,1734.15,1701.15,1728.95,8747027005,174841,5090259
26-10-2021,1710.05,1726.6,1695.9,1703.7,10008498840,163478,5871709
25-10-2021,1722.05,1729.75,1687.2,1707.55,10039080678,175289,5905209
22-10-2021,1749.9,1763.2,1707,1719.8,12737099865,231471,7369809
21-10-2021,1814,1814,1746.85,1753.65,15523851574,227646,8779629
20-10-2021,1829.4,1848,1794.05,1802.35,10690134352,193075,5876115
19-10-2021,1814,1834.5,1782.3,1822.15,18778087117,236442,10324260
18-10-2021,1740,1799,1740,1792.15,23795103035,310783,13438109
14-10-2021,1754,1783.6,1698.2,1715.75,34164007327,428428,19655776
13-10-2021,1695.95,1713.65,1680.05,1709.2,12062453914,273495,7104171
12-10-2021,1677,1689,1662,1685.15,12477416052,258781,7439300
11-10-2021,1682,1730,1663.7,1690.95,15017023821,264208,8840633
08-10-2021,1705.25,1731.5,1698.4,1723.85,8147261440,223183,4738376
07-10-2021,1687,1704.2,1676.65,1691,9272107761,142352,5476108
06-10-2021,1702.1,1709,1670,1673.55,7188385187,168805,4271698
05-10-2021,1671,1702.95,1663,1692.8,7336751142,174119,4373310
04-10-2021,1672.5,1688,1665.4,1678.75,4946872978,122901,2947154
01-10-2021,1665.1,1678.95,1661.25,1665.15,9577431061,166006,5733906
30-09-2021,1703,1703,1670.1,1675.2,11630225539,155817,6914031
29-09-2021,1659.25,1701.4,1655,1692.25,13115587857,252164,7792548
28-09-2021,1710,1710,1675,1687.1,11068146871,321289,6557197
27-09-2021,1768.75,1769,1718.1,1721.15,8739379305,227547,5045337
24-09-2021,1758,1788,1752.45,1763.85,14674577076,231499,8280446
23-09-2021,1732,1745,1721.1,1742.55,6630769718,151039,3826090
22-09-2021,1717,1738.9,1713.05,1716.9,7864586459,162450,4553892
21-09-2021,1700,1726.75,1684.65,1718.45,7977838675,138846,4672222
20-09-2021,1685,1707.7,1677.95,1687.85,9599964334,136341,5660743
17-09-2021,1697,1718,1684.45,1691.3,12647632624,123572,7454864
16-09-2021,1715.2,1719.25,1691.45,1702.25,5522817876,159668,3246568
15-09-2021,1693.25,1715.1,1690.2,1711.45,6926434283,187441,4062344
14-09-2021,1695.95,1695.95,1678.6,1686.15,8349299076,207112,4945167
13-09-2021,1683,1701.5,1675.2,1691.9,7876437378,187031,4662374
09-09-2021,1685.9,1694.9,1682.15,1691.6,5627248636,137087,3331674
08-09-2021,1700.85,1700.85,1682.95,1693.25,7762344324,153873,4584896
07-09-2021,1730,1734.9,1704,1706.65,6032143711,149711,3520341
06-09-2021,1705.15,1732,1699.35,1730.4,8364392786,183161,4876026
03-09-2021,1696.05,1705.95,1684.4,1700.65,9066475361,210049,5339139
02-09-2021,1677.35,1694.3,1662.65,1689.1,11442649484,258731,6830050
01-09-2021,1709.5,1709.5,1673.15,1677.75,13140486835,244163,7801974
31-08-2021,1700.15,1715,1685.85,1706.45,20843024214,219156,12255438
30-08-2021,1703.05,1718.65,1690.4,1698.05,11157103925,295734,6559667
27-08-2021,1725,1727.7,1705.2,1708.8,11476309164,179152,6698514
26-08-2021,1734,1746,1720,1727.7,9195716831,114055,5302248
25-08-2021,1718,1746.9,1718,1735.55,10658228275,140494,6153253
24-08-2021,1750,1757,1712.7,1720.85,13151981490,242564,7602939
23-08-2021,1735.75,1753.15,1732,1738.75,10779186292,170252,6189051
20-08-2021,1716.1,1745,1716.1,1732.95,10764080449,188065,6206972
18-08-2021,1729,1755.5,1727,1733.45,11629623310,193759,6686090
17-08-2021,1703.9,1748.9,1686.55,1741.65,16453341374,263393,9510390
16-08-2021,1707.7,1719.95,1690.1,1704.4,7776599068,181480,4564109
13-08-2021,1697,1722.5,1691.3,1712.2,9585318722,144604,5612790
12-08-2021,1679.15,1696.5,1674,1689.6,9551399368,152218,5659579
11-08-2021,1674.8,1684,1668,1677.55,8211808502,149326,4899639
10-08-2021,1668,1680,1661.05,1677.25,11463058438,135096,6846517
09-08-2021,1661,1667.45,1646.4,1663.3,8314309678,113096,5018477
06-08-2021,1657,1660.65,1644,1650.2,6206401477,100454,3754855
05-08-2021,1649.5,1666,1647.05,1653.55,8975400927,124049,5420536
04-08-2021,1669.1,1679.9,1639.05,1649.25,11143605331,152430,6740391
03-08-2021,1647,1658.65,1635.6,1655.2,9074703957,140415,5513668
02-08-2021,1627.45,1634.75,1619.2,1631.55,9038450771,123236,5553389
30-07-2021,1610,1623.4,1606.15,1610.5,10058016360,136907,6234257
29-07-2021,1600.1,1620,1600.1,1617,7526375522,144550,4660873
28-07-2021,1605.1,1607.6,1585.5,1605.6,7487050951,110822,4686788
27-07-2021,1605,1609.3,1597.9,1602.55,9446568394,108822,5892859
26-07-2021,1594.1,1611.65,1594.1,1603.9,7366526111,128901,4586710
23-07-2021,1588.55,1598.5,1585.05,1590.45,6653435201,144421,4179719
22-07-2021,1561.4,1592.85,1561.4,1590.2,12415707697,233651,7854575
20-07-2021,1538.3,1557.7,1538,1550.05,7845558519,138422,5069939
19-07-2021,1544.7,1552.9,1537.55,1541.7,8743641779,192818,5669162
16-07-2021,1573.75,1574.65,1549.6,1555.45,9775371404,191620,6265593
15-07-2021,1557.9,1596.85,1556,1580.8,15851201207,248472,10021355
14-07-2021,1554,1582.8,1538.1,1576.9,8856261427,169742,5657716
13-07-2021,1556.4,1556.4,1536.3,1544.95,6874707703,177123,4456160
12-07-2021,1570.55,1578,1533.75,1547.85,7152341637,145234,4588982
09-07-2021,1556,1569.9,1551,1562.9,5368362103,125788,3436594
08-07-2021,1568,1576,1549,1560.75,5189118228,158022,3326813
07-07-2021,1566.05,1570.55,1544.65,1564.6,7485054452,143812,4797120
06-07-2021,1573.7,1586.75,1557.1,1562.2,6441517705,120142,4089574
05-07-2021,1569.15,1585,1561.05,1578.95,6382678903,123094,4058338
02-07-2021,1558.95,1569.45,1542.6,1567.8,8034520020,136155,5166064
01-07-2021,1576.85,1576.85,1559.05,1560.4,7537112361,150925,4814317
30-06-2021,1572.05,1591,1572.05,1580.8,9587562982,167938,6058722
29-06-2021,1561,1573.65,1559.2,1563.05,9252700415,197132,5913567
28-06-2021,1572.9,1580.15,1560.6,1571.8,7884237903,136591,5019178
25-06-2021,1572,1578,1543,1574.2,15307252499,192643,9780240
24-06-2021,1517,1568.75,1511.2,1559.2,16647892220,263797,10785137
23-06-2021,1525,1525,1498.65,1503.15,8340557842,118288,5529809
22-06-2021,1509.7,1521.45,1502.1,1511.85,9709910031,127430,6427862
21-06-2021,1493,1505.8,1484.2,1500.3,8164276798,124524,5454052
18-06-2021,1509,1515.8,1487.4,1503.3,20326029670,240906,13533974
17-06-2021,1475.1,1502.65,1475.1,1495.3,11423116458,229654,7677951
16-06-2021,1472.7,1489.45,1467.5,1480.6,11327444063,162924,7661710
15-06-2021,1464,1476,1463,1473.9,7941636318,141422,5403104
14-06-2021,1471,1477,1453.45,1461.8,10435431661,147667,7132294
11-06-2021,1430.1,1451.6,1429.45,1446.9,8861316924,173378,6140828
10-06-2021,1424,1429,1419,1424.3,4977561087,121283,3496575
09-06-2021,1413.4,1425,1404.6,1415.3,7636846520,137139,5394317
08-06-2021,1396,1421.75,1395.55,1412.95,10396698470,188069,7360630
07-06-2021,1391,1392,1377.3,1389.65,7138486995,127520,5154576
04-06-2021,1393.95,1396.9,1377.65,1385.65,5809075427,109532,4194328
03-06-2021,1388.1,1399,1377.05,1389.65,7089319506,137141,5115645
02-06-2021,1380.75,1391.95,1365,1378.65,12748517787,186335,9272276
01-06-2021,1400,1401,1378.65,1387.2,6635964927,180376,4791325
31-05-2021,1401.5,1401.5,1383,1393.75,6171426113,145671,4429904
28-05-2021,1409.75,1414,1396.1,1405.05,5993259438,106771,4261312
27-05-2021,1404.2,1416.25,1391.7,1402.25,21583297999,250209,15365391
26-05-2021,1367.9,1400,1362.05,1397.25,9500378458,174833,6850024
25-05-2021,1358,1368,1354.45,1361.6,5582984591,129513,4099340
24-05-2021,1356.65,1363,1345.1,1348.05,5714441956,108054,4225371
21-05-2021,1347.5,1357.5,1346.35,1354.5,6717856343,153186,4969733
20-05-2021,1348.4,1349.1,1335,1339.3,6020330291,111007,4490092
19-05-2021,1342,1357.45,1333.25,1337,5963617810,135009,4435878
18-05-2021,1338,1344.6,1329.5,1340,7520081253,135851,5620150
17-05-2021,1320.3,1334.95,1320.3,1329.4,6669458544,118670,5017129
14-05-2021,1326.85,1326.85,1311.3,1316.4,6350387005,180008,4824609
12-05-2021,1330,1330,1314.5,1327,6937427272,143805,5241898
11-05-2021,1336.9,1341,1325.1,1330.65,8539945151,201614,6420988
10-05-2021,1349.85,1352.9,1335.05,1339.55,9649893780,160151,7195348
07-05-2021,1365.3,1373.05,1348.5,1352.55,6774539803,146974,4991435
06-05-2021,1345,1364.7,1337.4,1361.6,6514432065,128184,4810090
05-05-2021,1341.1,1343.9,1327.8,1341.5,5268794240,113183,3939788
04-05-2021,1354,1354.95,1324.1,1329.4,6548565378,158010,4887060
03-05-2021,1340.8,1361,1338,1352.05,6160448677,126788,4560337
30-04-2021,1346.3,1373.9,1345.9,1354.35,11372027785,131718,8354677
29-04-2021,1368,1369,1351.4,1356.35,7361090047,119277,5412357
28-04-2021,1358,1359.5,1344.6,1356,6603777602,137376,4879234
27-04-2021,1346,1353,1340.15,1348.5,4897445224,145974,3636115
26-04-2021,1332.25,1351.3,1321,1343.55,9521361287,130375,7088606
23-04-2021,1343,1348.4,1331,1333.8,9800084842,163801,7316262
22-04-2021,1355.55,1364.8,1345.15,1351.1,8956080142,203956,6622446
20-04-2021,1379,1379,1342.4,1351.35,11618460456,174560,8560766
19-04-2021,1340,1379.7,1332.35,1362.55,17005547107,260647,12508028
16-04-2021,1365,1370.85,1346.6,1353.75,14785392742,285474,10879878
15-04-2021,1332.3,1366.4,1320,1360.75,34145935656,678751,25342491
13-04-2021,1433,1435.25,1375,1397.15,20721814130,453578,14855206
12-04-2021,1474,1477.55,1415,1425.75,29325012715,477964,20384532
09-04-2021,1455,1455,1430.05,1441.05,8723370112,134860,6052712
08-04-2021,1430,1451.7,1421,1439.85,8147788509,179859,5654434
07-04-2021,1410.25,1434.95,1406.6,1430.2,8361600367.55,135633,5879234
06-04-2021,1423,1426,1406.45,1411.05,8201898840,153955,5793571
05-04-2021,1391,1425,1387,1409.9,13336273565,237018,9479572
01-04-2021,1380,1391.6,1371,1385.2,7847148795,146481,5675155
31-03-2021,1382,1388,1363.3,1368.05,11268677504,218153,8220987
30-03-2021,1346.9,1400,1336.15,1385.3,14491356278,227944,10546919
26-03-2021,1344.7,1356.7,1332,1336.2,6598564525,138471,4922071
25-03-2021,1346.75,1352.5,1327.6,1333.8,11715231221,184200,8749994
24-03-2021,1357.85,1370.45,1346.25,1353.75,8328138652,143327,6134303
23-03-2021,1372.45,1383.25,1359.6,1371.55,9833991116,164495,7165335
22-03-2021,1350.1,1376,1336.1,1370.8,6593605265,129112,4862758
19-03-2021,1330,1355.2,1318,1344.45,17111330913,235459,12767112
18-03-2021,1393.75,1393.75,1313.5,1337.1,14774234435,298042,10961755
17-03-2021,1392.25,1400,1382,1387,10620025456,157640,7626744
16-03-2021,1386.05,1406,1380.5,1384,13011543030,230871,9352771
15-03-2021,1370,1379.9,1358.5,1373.6,9122082516,174194,6658665
12-03-2021,1373,1391.7,1370.05,1374.85,13068374479,199285,9462061
10-03-2021,1356.9,1374,1355,1368.15,10820304084,177164,7925984
09-03-2021,1329.5,1350.45,1318.75,1345.55,8696584496,144157,6518173
08-03-2021,1324.8,1346.1,1317.2,1335.75,6830699262,126809,5119392
05-03-2021,1328.5,1340,1305.05,1316.7,8579075404,180930,6486176
04-03-2021,1335,1363.85,1325.9,1330.35,16174961452,225028,12041941
03-03-2021,1319.2,1347,1308,1343.55,12038222652,189231,9056399
02-03-2021,1282.25,1310,1279.2,1304.5,13542927955,182506,10461434
01-03-2021,1263.3,1284.5,1259,1267,7320037307,133035,5756286
26-02-2021,1269,1274.3,1244.75,1253.3,19014856542,296665,15132388
25-02-2021,1288.45,1299.75,1272,1274.55,11279133376,215308,8788221
24-02-2021,1260.05,1276.6,1252,1274.3,5740727001,125315,4537258
23-02-2021,1271.15,1291,1257.55,1266.35,8404181986,237023,6612942
22-02-2021,1295,1308.55,1260,1265.2,9455456934,205288,7371303
19-02-2021,1296.1,1299.5,1276.8,1291.3,6943924609,129418,5389696
18-02-2021,1276,1306,1275,1292.45,8316445821,178755,6437551
17-02-2021,1290.4,1294.5,1275,1281.3,5874133583,142040,4575741
16-02-2021,1314,1319.75,1286,1290.4,8951918994,285705,6896421
15-02-2021,1320,1328.4,1307.1,1309.65,5748561880,143342,4363513
12-02-2021,1305,1323.75,1301.55,1309.8,7608600803,142747,5797875
11-02-2021,1289,1296,1283.05,1292.65,6026438863,128045,4673317
10-02-2021,1295.8,1304.35,1283.6,1296.5,7697265668,175936,5951207
09-02-2021,1306.9,1332,1297.85,1305.55,10498269840,168139,7965949
08-02-2021,1285.5,1310,1275.5,1303.55,8943252910,198135,6921922
05-02-2021,1286.4,1288.75,1262,1272.1,6956468417,176339,5477481
04-02-2021,1285,1293.4,1272.05,1279.35,6446486331,148262,5032240
03-02-2021,1277.65,1304,1273,1284.65,10549003464,204774,8182968
02-02-2021,1280,1294.4,1263.6,1271.25,8789223157,168360,6892490
01-02-2021,1250.55,1277.95,1241,1260.9,11150104432,232672,8880279
29-01-2021,1286.25,1291.15,1231,1239.05,15269437395,268406,12183519
28-01-2021,1291.8,1296.45,1272.55,1276.2,5979774972,212130,4660690
27-01-2021,1319.6,1327.55,1285.1,1301,10646861260,285525,8133665
25-01-2021,1345,1347.9,1313,1325.1,8751273547,159466,6542611
22-01-2021,1327,1356,1326.55,1340.85,12971261022,188343,9646591
21-01-2021,1350,1361.05,1335,1339.7,8257354258,156050,6142421
20-01-2021,1320.55,1348.4,1320.55,1339.45,11009221846,195330,8225838
19-01-2021,1320,1331,1312,1316.65,7374694216,178275,5585744
18-01-2021,1338,1340,1306,1312.05,11702148822,230056,8861765
15-01-2021,1360,1364.45,1340,1344.95,20319423540,278300,15018441
14-01-2021,1360,1384,1318.45,1370.5,37411219055,530803,27521697
13-01-2021,1373.85,1392.8,1360,1387.15,19916243436,304458,14442997
12-01-2021,1378,1378,1360,1371.75,11382710088,264378,8309868
11-01-2021,1342.1,1383.35,1340,1376.2,28058554926,387124,20528626
08-01-2021,1278.25,1316.8,1278.25,1312.1,17117011225,227983,13186251
07-01-2021,1296,1297.65,1255.5,1262.15,13875416121,236192,10954918
06-01-2021,1300,1302,1268.05,1282.1,9226975582,178942,7161715
05-01-2021,1282,1299,1275.05,1293.8,10505964474,168537,8145280
04-01-2021,1269,1290,1261.15,1288.25,9214400329,189946,7208454
01-01-2021,1257.9,1265.5,1255.8,1260.45,5366530408,97445,4253550
31-12-2020,1243,1258.4,1239,1255.8,9283731808,117406,7430470
30-12-2020,1253,1253.3,1238.15,1246.8,6480283008.9,107704,5194690
29-12-2020,1235,1254.45,1235,1250.3,8572419679,132402,6878105
28-12-2020,1238.45,1248,1236,1240.3,5715406465,123013,4607051
24-12-2020,1249.9,1249.9,1226,1236.05,9042415623,172066,7313885
23-12-2020,1238,1258.85,1230.55,1253.05,19780713238,277251,15878346
22-12-2020,1182,1223.85,1176.1,1220.5,13085219235,249518,10901851
21-12-2020,1188,1209.75,1152.05,1177.3,12953347755,246658,10858352
18-12-2020,1182.85,1195,1175.6,1189.8,19002082922,279675,15995676
17-12-2020,1165.9,1168.9,1156.2,1159.2,7742601947,204147,6658153
16-12-2020,1160,1168.9,1153.6,1165.7,9040530195,158579,7788404
15-12-2020,1156,1163.7,1152,1154.6,7988669804,177326,6905926
14-12-2020,1169.4,1172.6,1148.2,1164.55,7802805824,186990,6728187
11-12-2020,1159.7,1171.95,1155.25,1163.2,12306503430,178023,10574009
10-12-2020,1157.4,1171.65,1150,1167.75,11046635083,295020,9488782
09-12-2020,1168.05,1179.5,1157,1175.2,11745774021,274494,10039346
08-12-2020,1145,1167,1145,1153.35,14206387607,272695,12308330
07-12-2020,1147.3,1153,1136,1143.5,8899186636,168273,7792141
04-12-2020,1125,1137,1115,1134.65,11914725948,167778,10564055
03-12-2020,1147,1147,1122.7,1126.45,18298022228,247732,16212632
02-12-2020,1134,1147.45,1121,1140.9,7620426543,153925,6741637
01-12-2020,1105.05,1140.25,1105.05,1137.85,10087463062,227850,8933802
27-11-2020,1118,1121,1091,1100,27934277724,238942,25306145
26-11-2020,1119.95,1119.95,1098.3,1113.2,12119904676,207324,10962256
25-11-2020,1137,1143.5,1111.25,1115.65,10074223660,220995,8958701
24-11-2020,1145,1154.9,1133.35,1140.05,9729744010,175511,8515426
23-11-2020,1105,1144.8,1101.95,1139.85,11901155594,200221,10546363
20-11-2020,1106,1109,1091.1,1103.35,8885377126,199981,8063554
19-11-2020,1100,1114.7,1093.8,1096.75,11123110241,179639,10092343
18-11-2020,1128.5,1132.7,1101.45,1110.55,10931765779,168106,9839468
17-11-2020,1144.75,1145,1112.65,1123.7,14379842098,190186,12813968
14-11-2020,1137,1139.65,1131.1,1133.45,1288640516,41663,1136144
13-11-2020,1120,1133,1117,1124.2,7152675713,105048,6363212
12-11-2020,1128.1,1142,1113.75,1117.75,10319310973,196511,9180976
11-11-2020,1096,1126.35,1087,1122.5,13866920725,254701,12514800
10-11-2020,1113.85,1113.85,1078,1091.05,17077941183,395983,15622869
09-11-2020,1129.3,1146,1121.15,1136.55,11514169318,202222,10160320
06-11-2020,1108,1121.1,1091.7,1112.75,9705243124,154736,8807127
05-11-2020,1109.9,1123,1099,1104,10607037968,181645,9568890
04-11-2020,1068,1116,1066.8,1093.95,17227273082,307084,15702690
03-11-2020,1072,1079.4,1057.5,1062.55,7682963163,172016,7204782
02-11-2020,1065,1079.95,1051.1,1072.3,7663961600,137700,7183119
30-10-2020,1072,1083.6,1052.35,1060.6,9372342225,164698,8800436
29-10-2020,1070,1082,1060.1,1074.85,7432955729,140609,6935804
28-10-2020,1095.5,1104.75,1070.05,1076.55,8262761209,180559,7608413
27-10-2020,1105.7,1109.7,1077.15,1090.85,11083562406,261137,10172530
26-10-2020,1122.25,1129.6,1103.15,1112.45,7040841830,133779,6309643
23-10-2020,1133,1135,1120.15,1122.5,10208894083,152888,9070121
22-10-2020,1142,1158,1123.8,1129.05,12834266054,264809,11271538
21-10-2020,1141.15,1154.35,1135,1148.35,22726337788,283354,19811809
20-10-2020,1118.9,1144.7,1110,1137.5,11877155840,209442,10448852
19-10-2020,1135,1139,1115.3,1125.9,14514954127,215472,12902146
16-10-2020,1113.85,1135.95,1096.9,1127.5,20547237503,311640,18366133
15-10-2020,1180,1186,1092.5,1108.25,49965128164,697193,44288566
14-10-2020,1162,1164.9,1131.1,1137,19050428947,279112,16649731
13-10-2020,1135.55,1166.05,1135.55,1157.8,20142492308,316392,17524137
12-10-2020,1123,1140,1112.1,1132.1,16470282643,191485,14633780
09-10-2020,1095.1,1113.3,1088.45,1106.8,11626421247,173995,10567955
08-10-2020,1090,1124,1088.4,1093.7,23759656746,386362,21483024
07-10-2020,1044.9,1072,1035.5,1066.55,9778824469,176585,9284060
06-10-2020,1055,1060,1031.35,1055.75,9494983884,205608,9090819
05-10-2020,1018.05,1054.9,1018.05,1048.7,14833226247,239001,14212560
01-10-2020,1020.6,1026.5,1011.75,1017.65,5654650743,122973,5563432
30-09-2020,1009,1023.95,1005,1008.25,8145908490,141642,8049899
29-09-2020,1018,1028,1004.1,1009,8853558130,184552,8708572
28-09-2020,1014.8,1016.15,998.5,1010.4,8596234609,165917,8554583
25-09-2020,975.8,1014.9,975,1011.45,13288352062,230269,13311079
24-09-2020,1003,1009,970,975.4,14235738440,273411,14427463
23-09-2020,1020.15,1037,1008.1,1019.75,13810988923,258509,13486274
22-09-2020,1009,1022.5,991.2,1007.5,12724148446,307283,12625775
21-09-2020,1001,1031,1000.5,1009.9,14414221201,284118,14140790
18-09-2020,1011,1018.8,999.1,1002.15,12991132019,228827,12897897
17-09-2020,995,1021,995,1011,15792764186,340784,15628308
16-09-2020,986,1005.65,982,1001.75,9973473916,239939,10059392
15-09-2020,979.5,994,971.65,982.45,11402371129,252665,11608223
14-09-2020,957,991.05,948.3,978.4,21347911660,342353,21871591
11-09-2020,934.9,954.15,931,945.7,6307865396,124065,6672082
10-09-2020,935.3,942,924.8,940.05,4831122432,101735,5172091
09-09-2020,935,946,926,927.75,5163032077,133068,5529150
08-09-2020,929.95,952,925.55,939.3,12154247390,200293,12892115
07-09-2020,918.9,927.55,913.05,925.05,6172952177,101639,6700450
04-09-2020,915,929.5,914.45,919.15,7974078251,146258,8650414
03-09-2020,926.5,949.4,924,935.55,8275049706,130511,8828016
02-09-2020,915,926.4,913.5,924,5229493200,105709,5678696
01-09-2020,926.25,935,912.1,914.15,6367507048,117189,6907783
31-08-2020,935.25,950.5,914.6,928.6,11954811845,206060,12808369
28-08-2020,951.45,952.5,933.05,935.25,7142134781,180829,7593988
27-08-2020,960,960.95,945.2,947.05,5859108364,124639,6154300
26-08-2020,941.25,954.25,938.4,950.8,4870349606,114894,5153663
25-08-2020,947.5,948.65,933.6,938.1,5863927590,105761,6233923
24-08-2020,947,952,939.2,947.4,5486819045,153799,5798579
21-08-2020,963.05,963.45,946.55,948.8,6200435489,123340,6513784
20-08-2020,958.9,965.5,951.3,955.15,5416530384,123695,5656667
19-08-2020,970.9,971.55,957.45,959.3,6378066101,125391,6622744
18-08-2020,963.9,969.2,958.7,967.55,5922744205,119041,6142171
17-08-2020,954.1,972.45,954.1,957.5,8669769420,140270,9008716
14-08-2020,955.85,963,952.05,953.6,4464257395,88402,4663873
13-08-2020,954.8,968.5,948.25,951.2,4876025984,87144,5097705
12-08-2020,948,958.8,942.2,954.95,6564723271,89286,6908732
11-08-2020,949.9,962,946.1,948.45,6485671475,92778,6802508
10-08-2020,948.9,956.8,945.3,951.35,5446342904,102663,5716472
07-08-2020,969.45,969.45,949,950.9,7652389955,159251,8010973
06-08-2020,953.5,974.4,942.5,970.85,10560771158,202937,10976523
05-08-2020,952,960.95,938.3,944.7,9113224805,170591,9616176
04-08-2020,960.45,970.7,940.55,949.85,10576516986,166839,11133259
03-08-2020,960,965.4,947.45,956.9,8098076651,164566,8480166
31-07-2020,969.25,986.45,953.3,966,12337423708,195979,12704359
30-07-2020,962,972.65,958.75,961.45,12062741577,222807,12492569
29-07-2020,953.25,960,943.6,954.15,10619817806,212215,11152710
28-07-2020,946,967.55,941.2,962.85,15085058374,220010,15819466
27-07-2020,921.55,952.8,918.65,948.45,15804436677,278528,16828218
24-07-2020,903.25,925.75,903.25,922.85,16666989754,240036,18209670
23-07-2020,915.65,915.8,900.65,907.95,11843097056,203420,13052804
22-07-2020,938.95,939,910,917.9,13226774281,191180,14354421
21-07-2020,945,949.7,929.2,936.75,12068383201,209340,12877814
20-07-2020,908.5,945,906.75,934.3,16977458353,242092,18421083
17-07-2020,911,919.9,892.15,903.15,28632889196,432265,31682904
16-07-2020,900.1,955.5,894.25,911,83239052701,936612,90433393
15-07-2020,799,848.45,794.8,830.95,24919080835,376383,30060998
14-07-2020,792.95,806.4,781.35,783.25,7119121563,139180,8961822
13-07-2020,788,805.35,786.05,797.05,8618519870,150013,10804911
10-07-2020,773.5,789.9,773.5,781.85,4073445026,94276,5206452
09-07-2020,780,790,775,781.7,5354314428,130712,6854196
08-07-2020,784.9,784.9,772.2,774.7,6599550757,145325,8476675
07-07-2020,769.4,796.95,765.55,794.15,15215059540,321825,19362666
06-07-2020,765.2,775,761.5,764,6767835779,180660,8811009
03-07-2020,755,764,752.5,762.7,5920349097,148320,7796573
02-07-2020,737.35,765.45,735.4,756.6,13057143719,207044,17263764
01-07-2020,737.25,742.3,729.75,731.9,4031836580,101474,5477687
30-06-2020,732.8,738.95,724.25,735.95,7639234133,140340,10411347
29-06-2020,735.4,744.7,730.1,731.75,6582024856,128524,8954490
26-06-2020,710.2,751.6,710,748.2,19263536479,378564,26030535
25-06-2020,704.85,705.6,693.5,700.5,10466323460,214685,14945304
24-06-2020,716.9,726.8,709.4,714.15,7333276140,147819,10220908
23-06-2020,695.7,724.5,692.1,720.65,8672464910,203759,12157486
22-06-2020,707.1,708.7,700,703.7,5485377026,145862,7804139
19-06-2020,709,711.9,701,705.55,15816432220,266933,22438873
18-06-2020,708.2,716.6,706,713.9,4748091716,174646,6670206
17-06-2020,699.9,710.3,698,703.65,5143752646,136959,7291919
16-06-2020,702,712,699.15,701.2,7144207775,170413,10132423
15-06-2020,693,704.4,685.25,687.55,5441612327,105262,7857344
12-06-2020,675.8,695.15,675.5,692.05,6723519558,165667,9796064
11-06-2020,712,713.4,700.25,703.95,6246123986,140529,8825914
10-06-2020,715,719.45,709.2,715.85,5197377191,121854,7263272
09-06-2020,720,729.6,715.05,717.6,7273061785,173628,10078863
08-06-2020,707.65,725.8,704,720.85,7704389373,180849,10719124
05-06-2020,707,711.7,700.6,703.55,5448030852,124734,7718943
04-06-2020,702,709.45,697.5,707.75,7593495551,134508,10783594
03-06-2020,710.7,711.9,696,701.55,7995869972,179242,11378568
02-06-2020,700.5,711.65,697.55,708.1,4986183795,123937,7059409
01-06-2020,698.75,706.65,691.5,699.55,8596981340,166839,12276649
29-05-2020,692.5,700.8,674.95,691,19543032832,241793,28291172
28-05-2020,707,710,690,707.4,6607699864,141590,9440121
27-05-2020,686.05,709.2,675,705.45,6088143746,155415,8774694
26-05-2020,693,699.45,679,680.55,4895318484,122600,7099719
22-05-2020,675,695.85,673.5,692.35,8169629532,201776,11867864
21-05-2020,666.5,679.45,665.4,672.2,4850780460,122009,7214401
20-05-2020,668.5,673,659.65,669.55,3862248244,104746,5795193
19-05-2020,664,674.8,655,668.6,3943378544,121850,5902238
18-05-2020,659.85,670.55,653,663.9,6924280885,160262,10435495
15-05-2020,664.8,664.8,646.7,652.3,6038757599,159733,9255353
14-05-2020,659,671.75,652.6,658.15,11193113876,284577,16888356
13-05-2020,694.8,699.9,683.75,694.15,5750758216,156513,8287106
12-05-2020,678.5,691,675.5,687.65,5037715533,165655,7356063
11-05-2020,682.5,698.55,678,682.9,5077673284,157658,7370192
08-05-2020,672.25,680.9,668.5,674.2,5669937480,206669,8400376
07-05-2020,665.55,674.35,662.45,664.95,3196499217,93851,4779550
06-05-2020,676.9,681.45,664.05,665.9,5324157713,211094,7934457
05-05-2020,681.75,685.6,670,673.7,4342730627,132076,6393108
04-05-2020,689.8,701.2,670.35,673.7,6259591493,177978,9122803
30-04-2020,700,720,698.1,715.5,11564226726,277142,16254036
29-04-2020,666,682,658,676.55,5805084866,175742,8639246
28-04-2020,673,677,653.05,660.7,4814874279,128788,7296594
27-04-2020,661.05,681,661.05,664.6,4817370468,143869,7183316
24-04-2020,668.55,675,654.8,658,4849470612,162251,7319950
23-04-2020,647.05,683.65,638.1,679.3,9611440871,225884,14451294
22-04-2020,633.2,645,628.05,641.85,5289759466,148917,8267159
21-04-2020,627.8,646.5,627.8,633.2,7443524923,195803,11660678
20-04-2020,640,661,639,653.3,8709344590,220363,13322995
17-04-2020,644,646,626,628.75,5624422628,220448,8878372
16-04-2020,619.95,634.9,603.5,623.85,11034508895,254606,17783310
15-04-2020,651.4,653.3,635.6,639.05,7726657237,278339,11963493
13-04-2020,629,651.7,626.05,637.4,5341425789,232090,8330291
09-04-2020,646.8,652.8,632.1,636.25,7639338597,232901,11931287
08-04-2020,630,655.65,626.35,631.6,7526162136,235881,11806901
07-04-2020,615,644.25,612.9,639,9506714566.3,260480,15146526
03-04-2020,603.5,606,582.15,585.7,6056725608,261228,10221890
01-04-2020,634.35,637.5,594,602.8,8005888361,379235,13083865
31-03-2020,650,662,633.7,641.5,9830768498,279311,15175528
30-03-2020,625.1,663.5,621.1,626.7,9343228364,230047,14625720
27-03-2020,665.05,674.9,642.25,652.7,8823242465,262091,13495469
26-03-2020,615,650.85,612.1,643,9497347855,291975,14868843
25-03-2020,597,635,565.7,606.2,10944193384,429544,18339650
24-03-2020,522,601.15,522,589.8,11471457437,434375,20029537
23-03-2020,540,560.95,515.9,526.45,9110393753,258952,17146303
20-03-2020,549.5,617.45,548,585.2,12495510371,407561,21356183
19-03-2020,509.25,558,509.25,545.55,8969244995,313532,16584106
18-03-2020,568,578,528,534.3,8510344347,235885,15391568
17-03-2020,588.1,592,550,554.95,9186285698,359329,16060126
16-03-2020,622,622.15,580,583.15,11434179964,462293,19140854
13-03-2020,592,667,570,642.35,10632077963,286353,16903140
12-03-2020,668,670,627.5,631.2,9000417645,265786,13965689
11-03-2020,690.65,695.95,669.05,686,11087131349,233010,16165054
09-03-2020,724.5,725.85,697,704.45,7274162430,180848,10308697
06-03-2020,741,744,729.1,738.95,6806310521,147517,9216022
05-03-2020,763.75,773.55,751.75,754.6,5922737657,124093,7755293
04-03-2020,753.9,761.5,745.55,758.75,8295623047,155822,11013444
03-03-2020,755,759,741.25,747,5862836381,136066,7826587
02-03-2020,737,765.9,733.75,741.05,7375861532,155968,9821523
28-02-2020,750,756.8,722.05,731.7,10433101671,277778,14123957
27-02-2020,778,780.75,772.2,777.85,4059425155,100716,5223386
26-02-2020,793.95,801.45,780.5,782.75,6935314353,168481,8760569
25-02-2020,799,806,795.4,798.4,5596900401,114637,6996695
24-02-2020,800.1,811.6,792.15,795.85,5328879150,130286,6627536
20-02-2020,803.25,806.1,793.85,797,3655039599,94252,4564569
19-02-2020,800,804.85,796.15,800.45,3186637946,79345,3985192
18-02-2020,785,799.05,783.65,797.65,4032462344,103674,5083346
17-02-2020,790.3,793.45,783.3,789.45,2312085827,69780,2929629
14-02-2020,794.5,799.2,784.6,786.45,4213573743,103460,5321680
13-02-2020,785,794,782.2,792.25,3455129906,80876,4387430
12-02-2020,775.8,783.25,775.1,781.05,2302228797,80507,2948825
11-02-2020,779,779.1,769.2,773.55,3335859223,83764,4312817
10-02-2020,774,778,769.75,773.2,2958264287,50917,3827682
07-02-2020,775.95,778.85,771,777.3,2213620888,53815,2853344
06-02-2020,784.35,786.8,770,771.35,5695512989,133662,7341622
05-02-2020,781,786,774.4,784.55,4917872804,142904,6310409
04-02-2020,770.1,789.9,770.1,787.85,4508019532,126688,5771311
03-02-2020,782,790.95,764.5,767.4,4949738299,132708,6416745
01-02-2020,775.1,791.25,769.25,779.5,3978923967,105374,5104062
31-01-2020,780.55,784.95,771.6,775.95,4732547587,72176,6092028
30-01-2020,789.7,789.7,778,780.7,3015775801,98962,3859680
29-01-2020,786.6,792.8,784.25,789.7,5383335132,83287,6832757
28-01-2020,781,781.8,772,778,3973833552,108248,5121009
27-01-2020,779.05,784.8,774.4,778.1,2911159552,102550,3741610
24-01-2020,775.75,786.5,773.6,782.75,5875559436,131263,7540490
23-01-2020,777.1,785.5,776.7,784.35,9784566375,197205,12528017
22-01-2020,768.45,778,766,770.2,7510499148,148501,9733935
21-01-2020,768.45,770.5,760.75,762.5,3398977857,83703,4448374
20-01-2020,771.6,774.4,762.95,768.45,2982074924,81096,3887680
17-01-2020,770.7,772.9,762.25,767.85,2883743850,98313,3762957
16-01-2020,770.7,772.5,760.25,767,4399309409,93520,5740586
15-01-2020,773.85,773.85,762.15,767.55,4638298219,96319,6047430
14-01-2020,769.95,776.95,767.2,775.65,8813264899,289583,11414418
13-01-2020,760,777.5,755,773.55,28421129305,753340,36952038
10-01-2020,740.45,742.9,730.5,738.15,6891078451,145267,9341405
09-01-2020,721.7,731.5,714.3,727.55,9797455292,161064,13521186
08-01-2020,724.95,729,708.3,718.2,6201707522,232857,8639443
07-01-2020,738,742.6,725.1,727.9,5803119825,189680,7899363
06-01-2020,746.1,753.8,736.5,738.85,4847236982,129992,6519403
03-01-2020,733.9,748,733.9,746,5870173302,105632,7882938
02-01-2020,738.9,740.8,730.9,734.7,4160025336,102483,5658200
01-01-2020,735,740,732.55,736.85,1553368749,36769,2112415
31-12-2019,729.7,737.75,725.45,731.15,5076419897,156522,6927885
30-12-2019,736.1,737.95,727.25,732.9,3932522164,115398,5368416
27-12-2019,729.75,737.5,728.85,736.95,2496171889,65467,3399094
26-12-2019,732,734.55,726.55,728.95,2791528461,48763,3821806
24-12-2019,736.95,736.95,728.3,733.4,2118192661,50306,2890759
23-12-2019,732.15,737.3,731.65,736,3655128113,80052,4975608
20-12-2019,731,735,728.25,731.55,5701077060,131404,7794167
19-12-2019,733.5,735.95,724.6,730.85,5252474994,165219,7199210
18-12-2019,731,737.3,722.75,732.45,8943242214,210673,12215295
17-12-2019,719.7,731.25,715,729.7,7646917890,193372,10525565
16-12-2019,712.3,720.2,710.2,714,4020694131,116838,5616324
13-12-2019,700.35,712.9,700.35,711.3,7299214570,132030,10302412
12-12-2019,718.5,720.7,699.55,702.1,7845417394,163350,11112042
11-12-2019,716.6,722.7,713,721.05,4342244981,125702,6043554
10-12-2019,713,718.5,710,714.55,3189284688,81372,4457939
09-12-2019,716,722.35,714.25,717.25,4625177252,114112,6435865
06-12-2019,715.95,720,709.6,715.1,3738886365,79319,5226096
05-12-2019,706.45,715.9,703.8,714.85,3428139268,76989,4814422
04-12-2019,697,710.5,693.35,708.85,5244767945,169304,7427886
03-12-2019,692.7,699.7,688.55,698.35,3647553742,84499,5239013
02-12-2019,703.1,704,690.3,692.7,6507684351,102880,9383736
29-11-2019,700.9,702.3,691.55,696.35,2965402319,110226,4262379
28-11-2019,699.1,703.35,694.05,701.85,3379270403,84619,4837683
27-11-2019,694.25,697.65,690.1,695.75,2681478170,64039,3861635
26-11-2019,705,707.25,686,690.6,18888701556,163058,27253106
25-11-2019,693.35,705.15,693.2,698.1,5120436170,109264,7334511
22-11-2019,711.75,712,685.1,693.2,9995652431,223156,14415826
21-11-2019,715.5,721.45,710.5,713.25,6929352718,127699,9692973
20-11-2019,712.8,715,705,713,4366791187,87462,6142171
19-11-2019,709.9,714,705,712.85,4617726814,127941,6495885
18-11-2019,705,710,699.3,705.2,5270093826,140015,7490916
15-11-2019,709.05,712.95,702.3,703.9,5194471562,122419,7362623
14-11-2019,696.35,709.8,696.35,705.3,7440318352,172258,10539902
13-11-2019,696.5,700,687.75,691.35,6932539254,182739,9973690
11-11-2019,698.9,707.2,698,704.4,4891336200.2,118370,6951494
08-11-2019,722,724.25,705.5,708.15,6150137780,114589,8585630
07-11-2019,717,724.35,712.1,720.1,9871154253,205054,13733737
06-11-2019,695.8,721.5,692,712.3,15188685234,344247,21372589
05-11-2019,708.75,708.75,691.5,696.1,9019750145,204502,12897805
04-11-2019,681.8,732.5,678.15,709,20984607124,384467,29381982
01-11-2019,690,694,682.6,687.9,6687468933,181647,9713519
31-10-2019,668.4,695.45,666.1,685.6,18783689652,424958,27405901
30-10-2019,660.4,671.4,656.2,660.6,15192276718.45,319118,22879467
29-10-2019,651,653.75,647,650.65,10866929875,309792,16709764
27-10-2019,651.1,652.5,645.55,648.85,1909914669,67356,2945433
25-10-2019,647,652.5,636,637.45,10652215420,327171,16549337
24-10-2019,650,653.2,632,635.35,16521876123,393942,25666433
23-10-2019,630,656.65,615.1,650.6,38969147749,1059289,60516887
22-10-2019,691.1,691.1,638.35,643.55,59334453057,1643015,90152532
18-10-2019,763.8,773.8,760,767.85,7704758992,187743,10037200
17-10-2019,767,770.55,765.1,769.5,7578123004,202471,9860495
16-10-2019,765.25,775.95,761.55,771.45,8291883881,258065,10767032
15-10-2019,773.1,775.95,765,768.3,10592375903,298596,13762133
14-10-2019,786.75,797,780,786.1,11963746230,308844,15150858
11-10-2019,781.5,823.8,776.6,814.8,16653757511,318660,20636344
10-10-2019,785.4,794.7,776.6,783.05,8186820532,123048,10402917
09-10-2019,795.45,795.9,778.8,783.65,4964668558,148580,6335025
07-10-2019,794.85,802,786.1,789.55,2911078095,118304,3679845
04-10-2019,790,797.6,787.05,793.45,6514820231,114239,8201713
03-10-2019,792.55,797.85,784.15,785.6,4353793070,166567,5497672
01-10-2019,807,807.55,791.55,793.55,4685487403,172253,5881438
30-09-2019,785.1,808,784.15,805.65,6555812643,156000,8178091
27-09-2019,787.05,794.25,780.1,782.2,3996126505,161432,5087642
26-09-2019,787.75,797,778.1,782.55,14457802893,178651,18442824
25-09-2019,787.7,801,781.65,792.65,7392081925,257048,9313576
24-09-2019,765,798.65,765,794.05,10781580308,236139,13717998
23-09-2019,806.9,806.9,741.9,764.35,13316370233,423674,17279260
20-09-2019,822.9,835,802,805,18236400807,277034,22462366
19-09-2019,824.85,827,815.2,820.7,5419828833,120499,6601607
18-09-2019,829.9,832.95,824,829.85,2651273644,115862,3199389
17-09-2019,831.5,835,820.55,831.25,4585299188,135783,5540901
16-09-2019,832.05,837.95,820.55,827.7,4009906892,137629,4846496
13-09-2019,818.1,831.05,817.5,829.3,3982478489,93586,4832021
12-09-2019,816.4,819.85,810.85,816.4,3590752490,110552,4400017
11-09-2019,822.3,828.55,814.15,820.1,6535045006,162235,7981036
09-09-2019,836.8,840.3,827.55,829.1,3637654796,122479,4377870
06-09-2019,843.3,847,835.05,840.15,5132762932,171032,6106841
05-09-2019,830.1,837.5,826.65,834.05,6603073399,242554,7926895
04-09-2019,810.75,822.45,810.25,821.3,5071479097,124357,6199015
03-09-2019,815,822.4,812.05,814.25,4613455970,109072,5647088
30-08-2019,810,817.35,802,814.9,6614876749,144388,8174186
29-08-2019,795.5,809.7,795.5,806.95,6304378192,117244,7830413
28-08-2019,787.4,805,786.3,802.5,4687024731,113678,5881134
27-08-2019,791,794.95,781.1,784.65,12612131007,242098,16061642
26-08-2019,795.9,806.8,786.9,802.55,4324723248,141654,5412074
23-08-2019,796.45,809.95,795.8,802.2,5533306730,151009,6895015
22-08-2019,799.9,801.3,792.35,795.7,4162305017,136435,5222488
21-08-2019,793,803.75,793,799.45,4738350175,154752,5926896
20-08-2019,785.2,798,783.85,792.75,6691567043,140808,8435344
19-08-2019,775.6,783,773.35,777.65,3023717275,107402,3881451
16-08-2019,780,780.05,762.5,774.55,3960775632,125413,5128088
14-08-2019,775.1,778.25,768,774.8,4594357881,154633,5940968
13-08-2019,784.15,786,760.15,764.75,5807216873,161749,7517099
09-08-2019,792,796.75,784.8,789.85,3446958075,77391,4362520
08-08-2019,782.7,792.75,781.25,788.75,6309550990,171889,8009009
07-08-2019,778.9,783.45,772.35,776.1,3996582934,157512,5130457
06-08-2019,778.8,783.7,769.8,774.45,7246765644,199427,9331718
05-08-2019,772.6,785.9,768.65,776.7,7759839281,281736,9976238
02-08-2019,765.05,779.9,762.25,775.6,8350680485,227612,10838336
01-08-2019,786.45,788.4,764.4,768.85,7794755234,216329,10066407
31-07-2019,790.85,799.8,781.6,793.65,5824475368,209577,7350584
30-07-2019,791.9,797.8,788.55,792.7,6885836889,193679,8673253
29-07-2019,789.5,796.95,786.2,791.45,4938229661,190597,6244316
26-07-2019,792.3,795,782.2,787,3888567432,201172,4941763
25-07-2019,788.25,800.2,787.65,794.5,7758491817,259756,9773568
24-07-2019,788,793.75,783.6,786.3,4520166052,236924,5745146
23-07-2019,787,804,785.55,790.05,8575674727,207585,10782564
22-07-2019,785.95,792,782.05,784.4,5594276879,132725,7107151
19-07-2019,788.7,794.5,781.25,785.4,5358405148,96268,6812754
18-07-2019,789.05,798.5,786.2,792.7,5187412944,148380,6534471
17-07-2019,783.9,795,776.75,794.15,5333567144,159078,6754348
16-07-2019,777,787.8,776,784.85,7766341596,231682,9924322
15-07-2019,763,781.65,754.2,779.35,23891946222,665352,31064152
12-07-2019,722.5,730.6,719.6,726.75,5701708861,122936,7874441
11-07-2019,719.45,723.5,709.6,721.5,4480742890,104709,6252688
10-07-2019,709,722.7,706.5,717.25,5424075999,130598,7573816
09-07-2019,718,719.85,709.05,715.5,3585086283,121716,5022638
08-07-2019,716.45,724.95,712.3,717.6,5147414056,111837,7177092
05-07-2019,735,736.4,713.5,718,3565194468,113048,4926289
04-07-2019,729,736.4,728.6,733.8,2401148622,97167,3274064
03-07-2019,741,743.2,730,731.3,4390116575,133416,5958379
02-07-2019,734,741.65,730.1,740,3555605380,88954,4837606
01-07-2019,735,737.5,729.85,731.3,2364922428,101260,3224968
28-06-2019,735.5,739.5,728.5,732,4338124834,116890,5919494
27-06-2019,742,744.7,728.15,730.55,8156165447,145135,11122346
26-06-2019,743,751.45,738,739.2,4050265777,98489,5447130
25-06-2019,744,750.9,737.3,748.1,2738811697,118947,3677911
24-06-2019,751.9,751.9,742.65,745.5,3559059442,70416,4758178
21-06-2019,755,755,747.15,750.2,9903909135,122666,13200318
20-06-2019,737.8,756.9,735.9,754.9,5355932052,113630,7148684
19-06-2019,752.5,755.4,748.6,751.9,3452713824,91764,4596253
18-06-2019,740.2,752.45,740.2,750.15,4647146093,150082,6202838
17-06-2019,743,744.5,737.8,740.55,2288895910,72650,3085588
14-06-2019,743.85,745.5,738.25,740.45,4120112207,105007,5556353
13-06-2019,740,747.2,740,742.65,3575457338,97174,4808577
12-06-2019,756.95,756.95,745,753.8,6559815655,169526,8738342
11-06-2019,755,759,750.5,754.9,4326875501,131848,5733127
10-06-2019,740.1,754.1,740.1,753.5,3332437616,124012,4435148
07-06-2019,735.85,743.95,735.85,739.1,2380445779,98025,3218358
06-06-2019,736.5,744.65,733.65,735.6,5573564234,124258,7563925
04-06-2019,737.25,739.45,733.15,735.3,8641713183,109238,11733702
03-06-2019,729.8,750.9,729,744.65,5748728043,97774,7744761
31-05-2019,736.5,742.95,733.2,737.75,6117494485,138065,8290306
30-05-2019,727,737.25,722.55,733.55,11068104089,149521,15089296
29-05-2019,725.5,733.65,723.65,727.8,7507528235,121851,10293077
28-05-2019,712,733.45,709.8,728.1,17312718820,195730,23860490
27-05-2019,707.4,713.8,705.5,708.1,7294165659,89920,10247544
24-05-2019,703.8,711.75,700.45,709.2,4957669574,143196,7016424
23-05-2019,715,716.7,697.45,701.05,5126301904,176571,7233736
22-05-2019,710,718.25,707,709.75,4130757868,141566,5795713
21-05-2019,722.65,722.65,707.7,709.3,6156377506,170212,8645535
20-05-2019,719.7,726.4,706,722.4,8066098169,209544,11213708
17-05-2019,733.15,735.8,720.1,723.9,5916646101,126562,8155948
16-05-2019,720,737,719.1,733.1,4722270061,137776,6468556
15-05-2019,714.9,725.2,712.6,716.1,4798849589,139499,6668929
14-05-2019,716.5,717.75,703.6,713.85,7476675551,252851,10513001
13-05-2019,716.55,726.45,712.1,719.7,4903097929,201194,6808993
10-05-2019,720.8,726,715,716.85,5995942203,181229,8352335
09-05-2019,719.15,730.3,715.8,721.05,5358635227,242225,7396525
08-05-2019,721,726,716.5,719.35,4508602896,162077,6247642
07-05-2019,720.4,727.9,718.7,724.55,4164126683,104342,5747536
06-05-2019,715,721.8,710.65,718.4,6360864406,148896,8858265
03-05-2019,722.9,731,718.2,723.6,4604058031,133663,6348116
02-05-2019,747,748.4,729.5,730.8,4688477303,115522,6351352
30-04-2019,738,753.8,738,751.35,7426241722,165676,9920046
26-04-2019,731,739.8,729,738,5075636518,151426,6895168
25-04-2019,736.45,737.65,727.05,728.55,5849611510,174336,8005235
24-04-2019,728.2,737.9,724,736.45,6076539568,174385,8285120
23-04-2019,723.9,730,718.4,728.2,4006855184,130836,5516668
22-04-2019,717.05,725.75,715,721.05,4654646597,115955,6455426
18-04-2019,722.5,722.5,712.75,717.05,9892653589,302789,13801105
16-04-2019,727.9,727.9,714.1,724.1,9047646706,343101,12524411
15-04-2019,724.7,731.35,712.6,727.5,22878628207,566543,31574803
12-04-2019,743.1,751.55,740.6,747.75,5260021361,165165,7043212
11-04-2019,751.75,751.75,740.05,742.7,6103734443,158348,8200995
10-04-2019,764,766.7,751.3,752.7,5340336511,134089,7031088
09-04-2019,770,773,758.2,760.6,5150087735,146107,6730692
08-04-2019,763.05,770,755.4,767.25,3752910224,143815,4919911
05-04-2019,750.9,760.95,748,759.3,4761576373,148065,6276040
04-04-2019,751.4,753.8,745.1,747.9,5754345633,178872,7688525
03-04-2019,756,758.5,746.8,753.3,5189955761,200625,6897127
02-04-2019,759,765.8,754.6,759.4,5539625143,169885,7283600
01-04-2019,742,760,742,755.1,4967199560,149150,6584982
29-03-2019,743.9,747.95,740,743.85,5147991154,155083,6924061
28-03-2019,730,745,730,737.8,6862616741,187881,9277241
27-03-2019,730,732.3,727.15,729.7,5395199921,122789,7387487
26-03-2019,735.25,735.25,719.1,727.75,6816221095,220918,9406261
25-03-2019,742.4,742.4,730.55,735.25,5620907955,150353,7644966
22-03-2019,745,746.35,732.3,743.1,6586009783,186950,8883260
20-03-2019,727.25,742.3,727.15,738.95,9935368276,368666,13471173
19-03-2019,712.8,726.5,707.4,722.25,6377897941,165399,8917337
18-03-2019,721.55,723.7,705.35,710.2,5766884632,169894,8065544
15-03-2019,712,723.75,709.6,718.55,10504207795,174230,14638664
14-03-2019,714,714.9,706.2,708.35,4554911141,158840,6415187
13-03-2019,710,718.6,706.3,708.45,8066893617,183506,11348867
12-03-2019,709,714.95,705.6,706.95,8505977967,224748,11997387
11-03-2019,713.3,718.5,709.4,711.25,7072398151,173911,9932198
08-03-2019,722.95,722.95,710.65,712.35,5142023172,154378,7193994
07-03-2019,734,734.5,720.55,722.95,4313906550,132988,5951551
06-03-2019,736.1,736.1,727,732.5,4448254459,201307,6076668
05-03-2019,740.5,742.5,730.25,732.5,3546464354,187167,4826505
01-03-2019,735.5,743.4,735.5,741.9,2959115940,86883,3998826
28-02-2019,738.7,742.4,732.3,734.3,6296619714,142436,8559921
27-02-2019,745,746.4,732.75,735.25,4384324580,181469,5936354
26-02-2019,748.6,752.6,740.15,742.5,6204521714,188778,8319610
25-02-2019,735.55,758,735.55,754.9,4905413918,155205,6547552
22-02-2019,732.5,738.2,728,734.95,2752041713,99246,3750833
21-02-2019,738,738,727.1,733.45,5274097399,151794,7202786
20-02-2019,727,743,726.05,740.7,3828686486,130965,5210675
19-02-2019,739.1,740.55,721.3,724.3,6831940831,124664,9401334
18-02-2019,742.35,747.65,736,741.05,3956112148,105532,5346825
15-02-2019,742.3,746.5,732.6,741.95,4130795666,93850,5586389
14-02-2019,751,753,737.25,740.05,3437611370,113149,4610535
13-02-2019,750.1,759.7,743.65,754.9,3802821368,133702,5050182
12-02-2019,760.35,760.35,741,750.45,5471189241,148513,7310690
11-02-2019,766.9,768.75,759,762.8,4206653296,101154,5500216
08-02-2019,760,772.25,754.9,760.9,4515625944,92824,5915169
07-02-2019,763.05,769.45,761,764,3035522378,102039,3961797
06-02-2019,755.55,766.95,754.35,763.3,4485360735.15,150791,5880482
05-02-2019,747,759.95,747,754.85,3537094843,98651,4694366
04-02-2019,757,762.5,749.2,755.9,2976361897,110537,3945391
01-02-2019,751.35,762.5,744.5,757.05,4728608322,119145,6276585
31-01-2019,726,751.3,726,749.55,10292423935,265809,13825233
30-01-2019,727.9,734.8,721.1,725.9,4186556192,125751,5763026
29-01-2019,725.5,732.85,716.5,727.9,4879714903,137242,6760819
28-01-2019,731,732.6,719,727.95,5760882919,128705,7944693
25-01-2019,728,737.9,724.25,730.35,4055912046,86157,5543112
24-01-2019,728.1,736.1,721,732,5406365018,138534,7429783
23-01-2019,742.35,742.6,729.2,731.65,5305910422,114457,7212099
22-01-2019,741.25,749,734,745.35,4974904339,184880,6723375
21-01-2019,738.2,751,734,745,6055327086,207759,8129422
18-01-2019,730,736.2,726.3,730.95,4311101798,117506,5902151
17-01-2019,735.8,739,729.1,733.35,5060865130,155361,6903771
16-01-2019,729.9,737.8,728.5,736.8,7090838080,175301,9658944
15-01-2019,707.2,730,707.2,726.6,14193222353,285205,19671304
14-01-2019,707,710.2,695.95,701.9,13543620376,289248,19312937
11-01-2019,680.2,685.5,672.5,683.5,8341603861,159694,12281903
10-01-2019,681.6,682,672.55,679.7,6486610276,141449,9572493
09-01-2019,686.2,689.8,664,676.1,12299738075,314702,18130292
08-01-2019,674.95,677.45,668.55,670.05,5801122720,134369,8621545
07-01-2019,665,673.6,661.5,671.7,5370973787,132736,8046340
04-01-2019,671.75,673.9,651,661.05,5208304589,187590,7889310
03-01-2019,672,677,663.1,669.15,4571929258,125781,6827249
02-01-2019,666,674,662.05,669.05,4968962633,108094,7416655
01-01-2019,660.95,666.3,654.15,665.05,1944579423,45422,2943390
31-12-2018,660,662,655.8,658.95,2223919550,65442,3373319
28-12-2018,663.35,663.5,653.3,656.95,3118076702,105527,4736598
27-12-2018,652.75,663.25,649,656.8,10092126951,182988,15333902
26-12-2018,647,647,637.35,644.05,3965160752,129003,6178552
24-12-2018,657,658.8,647.6,649,5468562526,140084,8379825
21-12-2018,659.5,659.5,643.45,646.2,8335493758,228130,12802132
20-12-2018,660,671.55,656.4,667.05,7776239037,237519,11705260
19-12-2018,671.55,671.55,661.1,664.85,5517046525,263253,8295459
18-12-2018,686.5,686.5,674.55,676.6,5451686819,191277,8021298
17-12-2018,711.85,711.85,692.75,694.4,3334376899,95026,4778465
14-12-2018,697.45,713.7,694.4,706.05,6749101215,158039,9560576
13-12-2018,682,700,680,697.75,5191853566,187302,7521474
12-12-2018,677.1,680.65,670.6,678.5,4675985776,92411,6926183
11-12-2018,669.2,681.9,660.6,674.5,4787161579,204697,7120933
10-12-2018,669.9,683.8,665.2,669.2,3438717513,119910,5121196
07-12-2018,672,685.75,665.6,682.8,3771508979,125999,5553948
06-12-2018,676.1,685.45,664.55,668.5,5403659738,229269,8039771
05-12-2018,683,683.65,672.5,681.4,3515206694,96257,5177288
04-12-2018,672.55,688.25,671.3,685.25,5345133354,129170,7827923
03-12-2018,673.15,679,665.95,670.35,5539597359,103845,8260890
30-11-2018,661,672,660.95,667.45,6972740710,118396,10445773
29-11-2018,671,674.9,658.8,661.05,8937609219,170549,13399070
28-11-2018,640.95,668.7,640,666.4,11683706177,310146,17719890
27-11-2018,625.5,641,625.3,638.9,7800040731,200385,12285851
26-11-2018,621,628,599.85,621.45,9252894701,263089,15075209
22-11-2018,622.25,628.15,616.75,620.75,4133099492,120189,6632975
21-11-2018,640,640.05,612.1,619.1,8884401044,306110,14359086
20-11-2018,651.7,656,640.1,641.4,3474899740,105300,5384830
19-11-2018,659,662,649.25,651.7,3928880482,96075,6018930
16-11-2018,659.9,662.5,644.2,650.85,5579053175,153414,8583785
15-11-2018,654,666,646.7,656.4,3642738196,130605,5513390
14-11-2018,665.7,665.7,640.5,653.2,4750599516,174358,7323026
13-11-2018,663.5,667.75,656.3,665.7,2746782461,129103,4137808
12-11-2018,666,676.4,662.3,664.2,4767832302,120785,7118080
09-11-2018,679,679,655.5,659.5,6411724146,244092,9694143
07-11-2018,673,677.5,672,675.5,512188500.7,31522,758956
06-11-2018,667.9,675,660.65,666.45,4662445094,240509,6975525
05-11-2018,663.5,668.6,657,666,3841307501,140183,5799426
02-11-2018,665.95,675.8,660.1,662.25,4427642405,148487,6654067
01-11-2018,689.7,689.7,659.6,666.7,3932276784,125725,5860244
31-10-2018,663.9,692.95,663.05,686.4,8142844240,223319,11947995
30-10-2018,641.1,663.8,637.45,659.6,5780678040,148842,8793411
29-10-2018,633.7,650.55,631.5,644.75,4552389118,123494,7137446
26-10-2018,645.3,648.7,629.9,633.6,3477864472,111447,5464141
25-10-2018,643,656.35,636.25,648.75,5355339309,196622,8270469
24-10-2018,663,666.5,647.15,649.8,4612127164,151398,7058164
23-10-2018,675.95,682,653.3,657.6,6001591448,206699,9041701
22-10-2018,688.7,695.05,673.8,679.95,4531381462,118989,6672840
19-10-2018,687,687.7,678,683.55,7110757251,245258,10421001
17-10-2018,710,721.8,701.35,705.35,14487628785,280701,20360697
16-10-2018,710,713.9,689.4,695.25,8139197321,266266,11588963
15-10-2018,688.6,705,681.5,698.8,4301952211,121763,6222176
12-10-2018,676.4,684.05,661.5,678.8,6002268067,214848,8909221
11-10-2018,685,692.9,663.3,673.35,7427150380,285534,10985897
10-10-2018,719.9,719.9,695.4,700.45,6234700033,219744,8866251
09-10-2018,717.1,722.4,702.65,717.75,4818903577,116349,6777212
08-10-2018,725.05,728.7,709.25,714.45,5205581862,244347,7259306
05-10-2018,713,731.5,709.3,724.6,6130589981,141622,8543578
04-10-2018,728.5,729.75,702.5,707.2,4389159561,150299,6173037
03-10-2018,743.8,751.95,726.3,728.5,5752480100,184479,7792464
01-10-2018,737.5,754.9,733,746.65,6148484239,160489,8252398
28-09-2018,721,734.55,715.2,730.05,5452629800,166682,7490031
27-09-2018,722,730.8,717.45,724.8,10576733252,147797,14592616
26-09-2018,731.2,731.85,712,717.85,4756877824,110456,6599606
25-09-2018,718.25,736,717,726.2,6988194861,223780,9602273
24-09-2018,706.5,729.95,706.5,718.25,6232738763,183918,8637881
21-09-2018,713.85,717.4,692,705.3,10137378694,238115,14350769
19-09-2018,727,727,713.2,719.75,3488751299,142071,4849498
18-09-2018,730,730,717,719.1,5567951789,116715,7729732
17-09-2018,735,740,724.6,725.95,3966013456,124216,5427054
14-09-2018,741.9,745,729.05,733.7,5810118483,191430,7896514
12-09-2018,744.4,746.5,736.25,742.9,3436370099,144311,4636617
11-09-2018,735.9,744.75,732,734.3,5143145756,137146,6963561
10-09-2018,737.75,747,729.4,730.85,4145245236,112735,5629871
07-09-2018,734.35,735.15,723.8,732.8,4758936855,190264,6510605
06-09-2018,732.55,735.5,724.1,727.15,4087988682,134849,5598659
05-09-2018,741.95,744.05,725.4,729.9,6362539535,202826,8658978
04-09-2018,722,748.5,716,737.15,11359156599,258728,15370124
03-09-2018,1449,1467.9,1430,1434.25,7964966273,134643,5488164
31-08-2018,1425.1,1454.3,1421.1,1441.1,7825437138,124025,5437932
30-08-2018,1412.8,1421.55,1396.15,1416.2,8124160894,96074,5753981
29-08-2018,1433.6,1433.6,1405.15,1410.1,3989010655,89895,2823248
28-08-2018,1417.2,1438.4,1411.5,1424.7,4638524929,100357,3248445
27-08-2018,1383,1419.95,1381.4,1415.4,4930091751,132478,3506475
24-08-2018,1396.5,1401.9,1376.1,1378.3,4889394601,109805,3526500
23-08-2018,1393,1401.5,1385.35,1397.4,5374993201,180710,3858591
21-08-2018,1390,1396,1373.75,1383.95,5774338650,126003,4180741
20-08-2018,1388,1407.95,1373.5,1384.25,11183093868,249766,8050938
17-08-2018,1430.9,1437.65,1423,1430.35,4571856691,122779,3195204
16-08-2018,1414.95,1434.9,1411.25,1429.55,4727597210,115380,3313387
14-08-2018,1413.95,1424.55,1404,1408.3,4350014453,102688,3075660
13-08-2018,1390,1409.85,1378.7,1408.75,6991140982,138356,4989873
10-08-2018,1385.8,1389,1373.05,1385.45,3299401064,82581,2389760
09-08-2018,1373.65,1389.45,1373.65,1379.95,4427681633,134300,3204762
08-08-2018,1371.8,1372.5,1353.3,1362.75,2719109393,80731,1996179
07-08-2018,1374,1379.95,1360.65,1367.95,5022426261,100730,3675764
06-08-2018,1366.05,1375,1347.5,1360.65,4197345187,68270,3089465
03-08-2018,1366.2,1366.2,1356,1364.1,2702515816,70696,1985195
02-08-2018,1359.6,1366.75,1350.15,1353.65,4031719297,87744,2970371
01-08-2018,1363.8,1368.45,1351,1354.05,3169781273,106719,2337853
31-07-2018,1348.55,1370,1335.55,1365.1,5367357705,122270,3971998
30-07-2018,1370,1373,1348,1351,4348358645,193055,3204985
27-07-2018,1373.2,1389,1368.3,1373.45,4470848815,101649,3246616
26-07-2018,1378.55,1390.4,1369.2,1373.25,5070228477,139712,3681109
25-07-2018,1379,1393.8,1365.45,1383.75,4797085714,110230,3468461
24-07-2018,1374.4,1382.4,1356,1377.15,4224648379,104916,3086123
23-07-2018,1352.15,1368,1336.25,1355.95,5181886478,104002,3837851
20-07-2018,1326,1367.15,1321.3,1348.1,7913782037,149871,5852869
19-07-2018,1323,1331.9,1309.1,1316.7,3373347801,133339,2559432
18-07-2018,1339.8,1343.4,1314,1322.55,4584405277,134074,3459508
17-07-2018,1329.7,1349.5,1312.7,1327.9,7439721782,114793,5580845
16-07-2018,1317.4,1384.4,1287.7,1332.85,23785647476,357607,17672340
13-07-2018,1315,1331.6,1298.35,1317.4,12822503746,205562,9748079
12-07-2018,1326.1,1327.1,1284.45,1294.35,8621906526,189258,6636120
11-07-2018,1317.55,1342.1,1291.35,1320.45,7837362262,131426,5949916
10-07-2018,1308.5,1315.45,1294.3,1301.4,3898613178,109336,2987244
09-07-2018,1297,1303,1279.05,1298.85,4299340435,95341,3322499
06-07-2018,1290.25,1301.85,1269,1284.25,7183683022,181138,5607678
05-07-2018,1347.1,1347.25,1268.1,1284,10982144289,274864,8509951
04-07-2018,1352.05,1352.65,1338.85,1345.2,3381023805,156409,2512861
03-07-2018,1331.9,1357.9,1331.75,1353.75,5474101849,140810,4063726
02-07-2018,1314,1340,1314,1334.7,3200195814,80512,2415072
29-06-2018,1298.05,1315,1283.25,1307.2,6469891050,164216,4983300
28-06-2018,1276.3,1298,1276.25,1289.6,7093380059,159341,5498409
27-06-2018,1283.95,1293.45,1265.6,1270,4456049393,107138,3476071
26-06-2018,1269,1283.9,1266.25,1277.85,2863258907,102746,2241752
25-06-2018,1257.15,1278.8,1254,1272.45,4913363830,137153,3865589
22-06-2018,1243,1255.5,1241.2,1247.85,2714312670,91644,2171559
21-06-2018,1245.95,1256.5,1236,1246.55,3617383651,138481,2899395
20-06-2018,1248.5,1252.35,1238,1243.15,3344140004,92693,2685901
19-06-2018,1263,1263.4,1238.05,1241.6,4694786854,148052,3772850
18-06-2018,1284,1291.25,1262.35,1267.4,5229499471,127326,4107423
15-06-2018,1237,1291.5,1235,1281.25,12644285284,156513,9978880
14-06-2018,1253,1253,1234.1,1239.7,4721843711,142371,3799424
13-06-2018,1266.8,1284,1266.8,1274.8,3676982074,110178,2883464
12-06-2018,1265.75,1271.25,1250.45,1258.5,4931300156,90357,3919910
11-06-2018,1265.55,1270,1255.05,1262.4,3264923421,94087,2585645
08-06-2018,1248,1262,1246.05,1260.05,4061574692,146437,3229939
07-06-2018,1238,1258,1238,1252.45,4181210252,106204,3338113
06-06-2018,1225.2,1241.55,1220.05,1237.45,2491929870,98002,2019092
05-06-2018,1242,1242,1217,1220.85,2888924172,85171,2355431
04-06-2018,1221.1,1243,1212,1239.4,2632848474,69180,2135078
01-06-2018,1230.4,1246.25,1217.2,1220.8,3073466731,81969,2499178
31-05-2018,1211.7,1242,1210.25,1231.8,12129968289,163732,9860170
30-05-2018,1217,1228.75,1205.6,1211.7,3840109182,113600,3161533
29-05-2018,1214.05,1226.55,1206.2,1216.7,2057107218,97963,1694467
28-05-2018,1231,1232.6,1206,1214.4,3495734649,114363,2869897
25-05-2018,1230.1,1248.65,1220.8,1228.3,5514861308,165203,4450719
24-05-2018,1198,1227.55,1198,1221,5928236190,115622,4870285
23-05-2018,1195,1207.65,1181.5,1184.9,5715433184,155510,4769221
22-05-2018,1175,1198,1173.9,1193.85,3352664150,92075,2818402
21-05-2018,1179.55,1188.4,1170,1179.5,5009804970,94593,4237660
18-05-2018,1183,1186.55,1173,1183.2,4216242217,118691,3569830
17-05-2018,1196,1197.45,1173.55,1182.9,5646033906,108694,4759799
16-05-2018,1187.25,1198,1184.5,1189.95,3697718120,80951,3102502
15-05-2018,1188.1,1208,1188.1,1194.55,3357654925,169798,2805987
14-05-2018,1184.35,1191.5,1170,1189.3,2624191631,118716,2216047
11-05-2018,1172.3,1183.2,1166.05,1180.75,1944465077,51911,1655853
10-05-2018,1176,1183,1162.85,1168,1866843840,55801,1591431
09-05-2018,1167.5,1176.9,1163,1170.7,2213260047,50914,1891752
08-05-2018,1177.9,1177.9,1161.05,1165.55,3338246179,121067,2859278
07-05-2018,1181.25,1190,1175.5,1183,2740857605,66189,2319480
04-05-2018,1185,1186,1155,1173.1,3510129249,92619,3011684
03-05-2018,1197.25,1204.7,1176.1,1182.55,3187761546,114003,2666115
02-05-2018,1198.9,1201.6,1181,1197.05,6139572653,98610,5147521
30-04-2018,1181.7,1207.95,1180.65,1199.5,3306404000.25,80599,2755839
27-04-2018,1180,1191.6,1174.2,1185.2,4536321753,103259,3831685
26-04-2018,1174,1181.65,1160,1176.45,6627322945,120489,5651042
25-04-2018,1152,1171,1145.2,1160.35,6729546265,122892,5797089
24-04-2018,1185,1196.4,1150.1,1154.5,4982039811,87918,4263108
23-04-2018,1168,1214.4,1155.25,1187.7,12954180381,190031,10915319
20-04-2018,1139,1193.7,1136.95,1178.45,14221070742,213680,12136346
19-04-2018,1124,1139.8,1123.1,1132.85,4828035904,119470,4262771
18-04-2018,1122.85,1134.75,1113.85,1125.95,5863305787,121114,5215190
17-04-2018,1127,1127.4,1115,1125.2,5831317996,203792,5198970
16-04-2018,1102,1140,1102,1133.2,13927236193,201992,12372542
13-04-2018,1174,1185.9,1150.25,1171.45,12442924999,180965,10613519
12-04-2018,1129.45,1172.75,1125,1162.6,9866189147,216130,8522183
11-04-2018,1118,1131.5,1116.5,1124.25,5075891573,102586,4512787
10-04-2018,1112,1124.5,1105.4,1113.4,4979728695,144468,4463029
09-04-2018,1125,1125.8,1106.55,1111.25,4008832077,171118,3601441
06-04-2018,1143,1146,1122.1,1127,3351285043,137277,2968871
05-04-2018,1139.55,1151.3,1129.1,1147.55,4427993460,101745,3881772
04-04-2018,1144,1144.55,1120,1124.2,2723878713,137029,2406651
03-04-2018,1134.7,1143.55,1128.1,1140.45,2314226757,114034,2038584
02-04-2018,1141,1149.55,1121.3,1137.15,4584716920,142078,4036351
28-03-2018,1150.75,1150.75,1126.25,1131.8,7134252851,118878,6279161
27-03-2018,1160,1161.3,1150.1,1154,2194657346,67860,1901044
26-03-2018,1166.9,1166.9,1144,1155.25,5149317139,101964,4465361
23-03-2018,1147,1173.8,1142.35,1167.6,6992254285,117145,6004042
22-03-2018,1164.5,1177.45,1155.3,1161.3,3977430906,82774,3406584
21-03-2018,1170,1175.5,1162.2,1167.5,4506270593,121529,3846497
20-03-2018,1148.6,1170,1148.6,1164.55,4960076508,111232,4276883
19-03-2018,1164,1180.5,1142.65,1146.75,4353937862,114366,3763310
16-03-2018,1182,1182.4,1169.25,1171.9,10530177258,156251,8977413
15-03-2018,1180,1188.4,1172,1182.5,3602569982,49232,3050750
14-03-2018,1180,1190.6,1169.1,1180.8,2614111790,54069,2214855
13-03-2018,1180.2,1197,1175.15,1183.8,5093652781,101093,4290526
12-03-2018,1176,1191.85,1171.75,1185.75,4553456409,82530,3838485
09-03-2018,1162.35,1166,1155.55,1163.4,2453138902,83674,2110482
08-03-2018,1149,1165.8,1149,1156.65,3529721779,110975,3046507
07-03-2018,1155,1160,1138.05,1144.1,3657594848,91049,3185208
06-03-2018,1162.55,1165.4,1143.6,1151.35,3872054670,123734,3344867
05-03-2018,1160.75,1170.8,1143.25,1155.9,4693511961,150137,4050728
01-03-2018,1169.6,1169.6,1156.05,1160.75,3822336358,95568,3289926
28-02-2018,1147.6,1189.5,1142.55,1172.6,10120034870,229051,8634208
27-02-2018,1144.95,1153.65,1125.65,1150.2,3768101539,140175,3308013
26-02-2018,1151,1155.05,1134.35,1138.6,2904793410,76083,2541804
23-02-2018,1163.5,1166,1146.75,1155.65,5477635155,128746,4729914
22-02-2018,1145.55,1164,1140.45,1160.75,10333995037,151810,8929987
21-02-2018,1147.5,1151.9,1140,1147.4,7897738207,169230,6885679
20-02-2018,1103.75,1149.5,1103.75,1136.95,4101611225,97878,3594297
19-02-2018,1128.4,1136,1120.3,1131.75,3648227633,83364,3230920
16-02-2018,1125,1141.65,1118.1,1128.05,5579126434,108882,4944611
15-02-2018,1103,1129.7,1103,1114.45,4468413993,99941,3993368
14-02-2018,1106,1117.3,1090.2,1097.75,4618905280,113292,4172856
12-02-2018,1114.8,1120.6,1097.8,1102.8,3482147220,52343,3145986
09-02-2018,1118,1120.3,1106,1109.15,2438184786,88836,2191345
08-02-2018,1122.8,1146.4,1116.55,1134.25,5013613141,105295,4403622
07-02-2018,1116,1124.8,1103.55,1109.05,4644378627,147324,4171028
06-02-2018,1099.95,1128.35,1095.15,1107.75,5876800709,136315,5276039
05-02-2018,1140,1154.85,1135.85,1138.2,5636743205,146880,4930110
02-02-2018,1135.25,1162.9,1130.1,1143.25,5864360400,112441,5122243
01-02-2018,1142.2,1157.9,1118.55,1144.6,7420853135,147460,6502727
31-01-2018,1159.15,1166.6,1142.15,1150.25,5315999681,118772,4606849
30-01-2018,1178.9,1183.1,1162.7,1170.65,5044647007,139977,4314156
29-01-2018,1166.55,1196.25,1165.2,1182.9,6413293460,188700,5411501
25-01-2018,1182,1183.4,1162.25,1175.4,7936550004,137327,6774457
24-01-2018,1174.8,1221.05,1167.5,1185.8,12316700910,204464,10302359
23-01-2018,1155,1188,1155,1177.1,9063945901,178542,7701898
22-01-2018,1132.15,1156.95,1132,1150,5521427259,136884,4825107
19-01-2018,1145,1147.9,1136,1143.45,3419578450,104184,2994139
18-01-2018,1145,1164.9,1132.1,1152.7,7580886446,148758,6602485
17-01-2018,1124.85,1161.8,1123,1152.1,15051075123,331838,13077044
16-01-2018,1081.25,1134.8,1081.25,1122.85,12645064684,222629,11323483
15-01-2018,1080,1092.95,1065.1,1081.15,5755343849,132189,5324625
12-01-2018,1085.8,1085.9,1070.55,1078.45,9702068541,138377,9008264
11-01-2018,1055.25,1083.4,1055.25,1075.8,8973696876,134085,8387735
10-01-2018,1046.8,1056,1033.05,1052.25,4942421496,100562,4734317
09-01-2018,1040,1044.9,1028.9,1041.35,5155470379,119611,4974118
08-01-2018,1024.9,1039,1020.05,1036.05,2879337346,73704,2797345
05-01-2018,1015.3,1026.4,1006,1012,5584193774,134727,5512988
04-01-2018,1021,1021,1009.6,1015.4,4538566058,81236,4473807
03-01-2018,1028.5,1031.6,1018.6,1021.3,3500475319,132588,3423276
02-01-2018,1037.25,1042,1023,1029.7,3152175059,122157,3056124
01-01-2018,1037.7,1044.5,1030,1033.55,2814045584,65839,2715670
29-12-2017,1030.1,1048.8,1030,1042.05,3437461626,83693,3300884
28-12-2017,1030,1040,1023.8,1033.25,4361825789,107124,4216736
27-12-2017,1028,1039.1,1027.4,1034.25,3603591315,101607,3485086
26-12-2017,1030,1041.5,1023,1035.6,5592980614,137301,5404453
22-12-2017,1016,1044.8,1016,1039.35,6680838538,148038,6453470
21-12-2017,1014.8,1028.95,998.4,1022.05,5612359298,132258,5529581
20-12-2017,1005.1,1018.6,1001,1015.85,2116374407,68366,2093163
19-12-2017,1017.45,1017.95,999.55,1003.95,3585173633,87491,3559449
18-12-2017,1011.9,1030.7,1005.8,1016.6,2056905715,67395,2017724
15-12-2017,1013,1026.4,1011.85,1022.9,5291809165,117970,5192067
14-12-2017,1005.25,1015,999.3,1013.1,3042976537,97393,3011786
13-12-2017,1010.9,1019,997.65,1003.75,2709482013,89418,2681199
12-12-2017,1002,1014,1002,1010.5,4704066529,125676,4660217
11-12-2017,994.95,1006.9,993.95,1005.3,2571485667,64951,2569549
08-12-2017,1001,1007,995,1001.85,2998343941,109714,2991622
07-12-2017,989,1002.9,985.6,999.8,3759492032,106502,3774772
06-12-2017,985,994.1,984,990.3,3705251090,121883,3745047
05-12-2017,985.35,1003,979,984.35,4943095296,106371,4988369
04-12-2017,980,996.8,968.55,985.35,8778677871,150296,8905803
01-12-2017,979.4,983.2,957.05,958.8,1973590610,49881,2042500
30-11-2017,989.45,989.45,968.35,976.1,8445010644,126288,8633472
29-11-2017,987.65,991.95,980.3,982.7,1889032576,50324,1919035
28-11-2017,994.4,999.9,981.3,984.7,2282406446,61722,2308434
27-11-2017,1006.7,1006.7,993.3,998.75,3002607598,75428,3008865
24-11-2017,990.9,1019.3,990.2,1009.55,9403912992,180427,9309956
23-11-2017,971.5,994.45,969,991.25,5856291708,141525,5947309
22-11-2017,966.6,971.05,963.3,966.3,2940669553,57418,3042460
21-11-2017,961.3,971.5,960.05,966.25,2593469144,74479,2682328
20-11-2017,969,971,957.25,960.55,2721971566,66198,2830595
17-11-2017,985.5,985.5,965.15,970.95,3924263396,178425,4028835
16-11-2017,951.8,995.9,948.5,988.4,7675734065,224690,7843751
15-11-2017,945.15,953.5,944.5,951.8,3338522494,98311,3511758
14-11-2017,951.95,954.85,943.25,949.1,2719052888,74967,2866855
13-11-2017,962.05,969.4,949.35,951.95,2405762223,58964,2510608
10-11-2017,958.8,964.35,950,962.05,3161144505,63848,3294714
09-11-2017,953,963,948.25,954.5,2255155224,67747,2361616
08-11-2017,960.25,961.85,947.5,952.3,2564719195,88636,2684997
07-11-2017,926.25,960,925.85,955.5,6393285439,145532,6721410
06-11-2017,923.15,935,922.65,928.7,2349782381,69707,2533267
03-11-2017,917,929.9,916.95,926.65,1713353953,51904,1849543
02-11-2017,923.05,926,920,922.9,2162955678,81286,2343069
01-11-2017,925,929.4,923.3,927.05,2607904113,59211,2816567
31-10-2017,925,930,920,921.85,4602897345,68301,4977494
30-10-2017,954.65,954.65,941.05,944.1,6140238516,120848,6484163
27-10-2017,955,957.7,944,946.35,4044495152,108092,4262478
26-10-2017,942,951.8,940.1,947.35,15928597286,144857,16829629
25-10-2017,919,944.7,915.25,935.3,6530973260,176833,6992067
24-10-2017,946,946.65,921.6,926.5,6782341418,117978,7264664
23-10-2017,930,942,928.1,939.5,4284920340,105211,4577048
19-10-2017,930,932,925.2,926.95,506094102.6,13886,545717
18-10-2017,928.9,930,922.95,924.35,3350868643,78889,3615926
17-10-2017,936.8,936.8,929.5,930.5,2621611619,77515,2812551
16-10-2017,935.95,942,933,939,2700304306,78589,2879375
13-10-2017,932.8,933.5,927.55,930.1,3337968430,104364,3590364
12-10-2017,930,934.35,919.55,927.3,4753015820,108653,5140486
11-10-2017,935.45,938,928,930.7,2788647778,95474,2991252
10-10-2017,939.95,939.95,929.55,935.45,3341105876,103093,3571610
09-10-2017,920,929,914,923.9,1618746285,39646,1752416
06-10-2017,904,922,903.95,920.15,3929315140,76214,4287154
05-10-2017,900,904.95,899,903.05,3887063883,46048,4305650
04-10-2017,903,905.4,897.15,899.6,2248997167,81198,2495746
03-10-2017,910.1,912,901.6,903.55,2240392336,98569,2473761
29-09-2017,898,902.4,895,899.9,2565651057,79579,2852916
28-09-2017,896.1,903.9,894.3,896,7871666208,135425,8768633
27-09-2017,906.1,907.9,895.1,899.8,2701542236,88378,3000069
26-09-2017,897,908.4,894.3,905.9,3315416203,101232,3683239
25-09-2017,901,901.95,889.1,895.35,4064084916,83796,4544350
22-09-2017,908.15,910.25,888,898.3,7898273388,101141,8802044
21-09-2017,915,915.25,908.15,909.55,3736951963,42387,4102076
20-09-2017,917,917,907.45,912.7,2627153268,46614,2883915
19-09-2017,908,916,903.5,912.25,2748642130,79618,3016665
18-09-2017,910,917.75,906.3,909.1,3868513182,77992,4237930
15-09-2017,892.3,913.25,892.2,908.25,6089408744,99888,6729730
14-09-2017,884.5,896.6,881.6,892.4,6105328297,110957,6849003
13-09-2017,885.5,887.6,881,883.75,5071927188,136009,5739114
12-09-2017,882.55,887.75,878.8,884.05,7603270020,94378,8620677
11-09-2017,890.4,891.8,873.65,878.7,6072846748,145836,6893821
08-09-2017,899,899,882.1,884.3,3820696332,78811,4302271
07-09-2017,900,900.5,892.35,895.75,2796180948,74906,3120596
06-09-2017,900,900.3,890,895.6,3459475483,126593,3867955
05-09-2017,902,905,897.25,901.9,4407506232,79400,4891696
04-09-2017,921,921.1,893.5,900.2,4600718442,141455,5088554
01-09-2017,915.95,925.9,910,919.95,3877809876,81607,4216961
31-08-2017,928.8,928.95,912.9,914.95,6886139481,174045,7511226
30-08-2017,937.2,939,924.1,926.65,7514125822,147639,8074832
29-08-2017,941.45,942,925.55,927.45,6240109664,148591,6684696
28-08-2017,943.95,953.95,938,941,19232850863,339901,20356054
24-08-2017,910,918.25,902.35,912.15,19298432842,379260,21190262
23-08-2017,880,903.7,873.9,892.8,27282913879,431562,30642095
22-08-2017,895.2,897.05,860,875.4,21575553324,436450,24621299
21-08-2017,924,924,870,873.4,40171479151,844350,45203588
18-08-2017,1017.9,1017.9,884.2,923.25,76625024333,1192900,82202480
17-08-2017,1005,1029.25,998.05,1020.85,13054759561,219380,12892130
16-08-2017,982,986.1,969,975.2,3014254126,73688,3089040
14-08-2017,988,989.2,977.15,981.45,1873162936,83142,1908235
11-08-2017,976,997,969.6,987.7,3228922463,85957,3272078
10-08-2017,969.9,987.5,969.35,981.25,4488072667,118468,4570342
09-08-2017,967.65,973.9,964.55,969.35,1901504150,74542,1961205
08-08-2017,968.5,970.25,955.05,963.85,2892578681,83371,3002324
07-08-2017,983.5,983.75,965.7,968.25,2952834608,75997,3036872
04-08-2017,988,989,976.05,983.75,2625108705,54851,2674509
03-08-2017,991,998.75,980.25,984,2292869697,64881,2320174
02-08-2017,1006,1012.75,987.2,993.35,2126780545,64338,2128792
01-08-2017,1011,1017,998.35,1005.55,3865373993,74672,3844699
31-07-2017,991.9,1021.7,986.75,1011.2,9653593591,194493,9579124
28-07-2017,976,1003,962.3,997.35,5478201640,92083,5549214
27-07-2017,996,1004,966.8,971.05,6222055607,100543,6338426
26-07-2017,998.1,999,990.4,994.05,3413852845,104013,3435012
25-07-2017,990,999,986.2,993.85,3547155444,104586,3572807
24-07-2017,983.5,994,982.6,990.55,3032646958,110820,3064588
21-07-2017,973,982.55,971.4,980.1,2925921840,68179,2990377
20-07-2017,979.3,979.85,966.95,969.45,3305085666,101526,3404870
19-07-2017,981.45,988.65,969.1,979.85,2874801640,105595,2945139
18-07-2017,986.05,1004.8,981.1,985.6,4112296075,93509,4130090
17-07-2017,975,992,974,984.05,3789602386,85783,3849125
14-07-2017,999.45,1006.85,966.05,972.05,11076697426,246571,11239090
13-07-2017,977.25,983.45,964.1,977.05,2525724825,74502,2585196
12-07-2017,974.95,981.5,968.75,972.35,3057672504,77201,3137988
11-07-2017,956.65,989.5,956.65,975.35,5648578195,113632,5769854
10-07-2017,945,1028.9,937.3,957.05,808125207.5,17862,847546
07-07-2017,943.85,945.45,933.05,935.4,2711621746,98641,2888443
06-07-2017,945,957,944.2,947,1819345351,56849,1914860
05-07-2017,959,959,945.4,950.9,2008422007,58308,2113114
04-07-2017,953.85,970,949.4,962.15,2485762341,54690,2583863
03-07-2017,941.1,955,934.6,951.9,2406192366,62128,2544462
30-06-2017,930.8,938,929,935.55,1970090052,64325,2108350
29-06-2017,930.2,947.95,926.6,930.2,7440838110,103952,7957020
28-06-2017,932.8,933,921,924.7,2733310089,98295,2952612
27-06-2017,945,948,923.75,927.05,3207420227,113272,3452330
23-06-2017,945,949.15,938,943.25,3021488880,118944,3201509
22-06-2017,947.7,968.7,935.1,940.15,4513895878,115123,4732621
21-06-2017,945,949,936.05,943.35,1757791621,59945,1867932
20-06-2017,935,946.9,934.05,943.55,2444471885,105790,2592198
19-06-2017,939.95,940.25,928,929.85,3194759665,82075,3427930
16-06-2017,949.1,953.85,936,940.25,5159269025,109487,5474225
15-06-2017,959.65,967.95,949.6,952.1,2642752622,67490,2764031
14-06-2017,960,961.9,951.2,958.6,3559194777,90312,3719055
13-06-2017,953.5,962.95,951.6,957.8,2365833764,69355,2468897
12-06-2017,943.35,965.2,940.1,963.85,4097996731,89686,4295838
09-06-2017,938.55,950.95,923,948.6,6918028230,161124,7378831
08-06-2017,962.95,962.95,948.15,956.45,2951501577,88147,3097676
07-06-2017,985,988.9,945,961.3,6001805446,139990,6227523
06-06-2017,965,987.5,964.4,979.35,3434525874,83178,3504343
05-06-2017,970,972,957.05,958.75,2626761463,83794,2731349
02-06-2017,973.4,975.45,964.2,969.45,1897792689,48927,1958983
01-06-2017,969.3,979.7,958.55,971.4,2670262585,81421,2754303
31-05-2017,993.55,993.55,974.85,977.05,3805051203,121323,3881950
30-05-2017,982,1000,978.65,996.2,1850003638,62012,1858455
29-05-2017,990.9,996.7,975.7,985.15,3100929032,83084,3154217
26-05-2017,987,1000,980.6,995.7,2479193882,63671,2494002
25-05-2017,961,986.6,961,983.3,5105249719,76160,5219257
24-05-2017,960,965.5,949.6,954.8,2700826858,56898,2818143
23-05-2017,964.65,967,954.1,957.3,1939514665,80122,2019991
22-05-2017,958.4,966.9,956.55,961.45,2647754820,99616,2751526
19-05-2017,961.5,962.7,947.85,957.95,2031155370,88897,2128698
18-05-2017,943,973.9,942.85,961.75,3878281748,120990,4028924
17-05-2017,951.6,958.45,943.85,952.8,1384109512,75429,1457754
16-05-2017,953.1,960.15,946.95,955,2920775219,71808,3065084
15-05-2017,963.5,963.5,949.1,951.55,3471579745,75335,3648582
12-05-2017,953,966,951.45,964.25,5269035238,111297,5489998
11-05-2017,946.85,949.85,937.55,944.1,1526662167,67623,1614741
10-05-2017,947.15,950,937.15,943.65,1586652710,54391,1682151
09-05-2017,950.6,951.95,942.1,946.65,2675013934,97850,2824686
08-05-2017,938,948.55,932,945.5,2213917286,99288,2353549
05-05-2017,936,937.35,920,931.5,2054687486,108343,2216394
04-05-2017,937,939.65,928.9,937.65,2470785901,104986,2639903
03-05-2017,926.5,939.1,917.65,934.3,2171737625,74214,2329724
02-05-2017,924,926.4,915.1,922.6,1488984260,85885,1615563
28-04-2017,926.85,927.4,915.6,918.95,2313115919,79880,2514851
27-04-2017,916,929,916,925.25,3601521629,113696,3898604
26-04-2017,929.95,935.55,910.2,914.25,4165168442,125006,4542248
25-04-2017,925.9,933,920.55,929.35,2200992057,104070,2368530
24-04-2017,917.5,928.5,913,926.55,2555623447,78246,2778333
21-04-2017,934.8,934.8,921.1,923.7,1655346159,62461,1788733
20-04-2017,921.5,929.7,918.55,927.3,2102780031,104880,2274500
19-04-2017,923,930,912.65,919.2,4618541692,123370,5035851
18-04-2017,924.75,934,919.1,922.65,2150985535,77903,2323759
17-04-2017,930,932.1,923.5,924.9,3340781677,110168,3606717
13-04-2017,970,990,926.65,931.4,14603160521,368460,15486594
12-04-2017,970,976.9,960.35,968.85,3245103251,86217,3348376
11-04-2017,956.05,971.7,956.05,967.15,4181469033,104526,4327733
10-04-2017,984.9,989.5,950.1,953.4,4597514332,94190,4764236
07-04-2017,1000.9,1000.9,979,981.55,3156004780,97036,3202254
06-04-2017,998.15,1005.8,992,999.6,2690729251,80666,2689504
05-04-2017,1005,1005.4,991,995.95,3691274935,155256,3699169
03-04-2017,1032.15,1032.45,1006.1,1008.8,2181287096,66898,2157800
31-03-2017,1023.25,1029.3,1008,1022.25,7214831803,96201,7076927
30-03-2017,1034,1035.9,1020.25,1025.5,6237092368,94441,6078590
29-03-2017,1034.3,1041.5,1025.85,1031.85,3603938737,60565,3490593
28-03-2017,1031.5,1039,1030.05,1035.15,2482850262,69503,2398398
27-03-2017,1027.2,1041.85,1024.5,1028.85,3968617436,118204,3842412
24-03-2017,1038,1044,1027.7,1031.4,2523166659,75313,2441948
23-03-2017,1028.25,1043,1026.6,1040.45,2337555355,70900,2250831
22-03-2017,1022.45,1039.95,1020.4,1027.7,2052872403,69882,1995426
21-03-2017,1020.9,1034.95,1018.8,1032.85,2505412044,61479,2434792
20-03-2017,1026.55,1026.55,1015.1,1021.5,2258652533,85988,2213694
17-03-2017,1035.4,1042.9,1019.25,1040.3,4915686887,132876,4753923
16-03-2017,1013.3,1031.7,1013.3,1028.85,3434894916,91634,3351478
15-03-2017,1034.9,1034.9,1007.5,1011.95,3230988617,135842,3186989
14-03-2017,1022.8,1041.9,1022.8,1034.8,4073612175,93944,3939198
10-03-2017,1015,1027.65,1013.4,1021.85,2324657633,66765,2275162
09-03-2017,1007.8,1013,999,1011.55,1754027663,80001,1740315
08-03-2017,1016.9,1016.9,1004.45,1007.8,3117465750,65695,3089588
07-03-2017,1022,1025.8,1014.7,1019.8,2369267970,74091,2322248
06-03-2017,1020.05,1035.95,1019.7,1033.9,2723532993,71674,2643193
03-03-2017,1010.25,1034.3,1000.4,1031.2,2757727851,74416,2700806
02-03-2017,1024.4,1028,1016.5,1023.3,1509698903,42399,1474249
01-03-2017,1012,1027,1010.1,1025.15,2193095873,114684,2141224
28-02-2017,1011.85,1022.7,1009.25,1012.4,3014022678,93851,2970066
27-02-2017,1007.3,1023,1006.95,1012.4,2710714927,83469,2664348
23-02-2017,998.9,1020,993.35,1008.85,4816916303,103839,4771328
22-02-2017,1015,1015,986.4,990.15,3285353834,121253,3303919
21-02-2017,1022.1,1024.5,1000.05,1013.6,3862010544,86430,3806998
20-02-2017,996.5,1031,993.5,1010.25,2331129298,57830,2325331
17-02-2017,1013.75,1013.75,992.7,1000.1,2425826884,67547,2425604
16-02-2017,991,1013.9,990.05,1012.1,6437217885,114268,6407929
15-02-2017,989.2,998.8,968.8,981.8,3573754984,69110,3629743
14-02-2017,980,989,972.35,987.7,4589393176,93050,4669409
13-02-2017,972.85,986.1,962.85,984.35,6714084291,115322,6862134
10-02-2017,946.25,972,943.3,968.3,5878867733,147110,6126226
09-02-2017,937,950,936.55,946,5623726244,212836,5953633
08-02-2017,936,944.1,932.45,936.5,2959255451,104030,3159981
07-02-2017,933,949.8,928.55,942.25,4343703630,78781,4634001
06-02-2017,937.25,943.75,930.55,935.25,3148362599,90322,3363967
03-02-2017,933.8,940.9,921.05,936.1,3916979843,136814,4211979
02-02-2017,917,945,910.1,935.9,5510613427,123387,5914134
01-02-2017,921.1,923.2,905.15,916.75,5268375697,170177,5765891
31-01-2017,941.5,941.5,904.35,928.6,11132572522,275395,12034267
30-01-2017,937.5,951.5,928.85,949.35,5363833728,147702,5684604
27-01-2017,933.85,947.55,901.15,942.15,4994263503,119331,5317569
25-01-2017,946.1,946.8,934.8,936.6,4688355349,123432,4989045
24-01-2017,950,950,940.1,945.55,3221953219,101476,3413005
23-01-2017,945,958,940,952.7,3789278960,116065,3974290
20-01-2017,950,953.15,946,948.7,4329702970,106341,4562371
19-01-2017,951,959.6,948.1,958.1,4234068518,139441,4438240
18-01-2017,958.1,961,949.8,950.8,2844323919,109771,2976481
17-01-2017,956.25,964,952.4,955.4,2663386306,80315,2780047
16-01-2017,965,965.45,952.45,955.65,5923132618,139257,6175686
13-01-2017,1030,1040,962.7,975.8,15527153070,327113,15638123
12-01-2017,977.55,1004.4,977.55,1000.05,5882574394,152968,5927870
11-01-2017,974.2,978.45,963.95,969.1,5923561832,192442,6120787
10-01-2017,977,981,967.95,970.55,5813159905,97596,5969927
09-01-2017,972.25,976.95,965,970.35,5109833703,86963,5272846
06-01-2017,994.9,998.85,968.05,972.25,7007392619,171262,7196724
05-01-2017,1001.6,1009.5,988.75,996.15,4104325150,100603,4103537
04-01-2017,995.05,1004.2,992.25,997.75,3533038015,99650,3536793
03-01-2017,1004.1,1004.9,982,993.85,3354225264,113621,3389241
02-01-2017,1011.1,1012.95,999.35,1001.1,1172694416,28829,1167611
30-12-2016,998,1012,992.75,1010.6,3659012156,100569,3633884
29-12-2016,1003.75,1008,988.15,992.35,3113451672,92963,3120062
28-12-2016,1002.95,1009.8,995,998.5,2747039845,81224,2738408
27-12-2016,982.75,1001.9,980,998.95,2439426051,57508,2456408
26-12-2016,988,994,975.1,982.75,1580049960,47565,1606914
23-12-2016,984.9,1006.6,973.6,988.45,3616211974,87394,3653018
22-12-2016,1002.5,1007,969.5,984.7,3487409630,109425,3530027
21-12-2016,1016,1022,998.25,1001.55,3715406428,85526,3671988
20-12-2016,1002,1019,1001.3,1012.15,3866136668,121711,3818249
19-12-2016,1006.1,1008.25,994.1,1004.65,2063821245,52933,2062067
16-12-2016,1003.8,1009.7,997.75,1005.15,3232002246,93462,3218371
15-12-2016,997.4,1018.95,989,992.35,4014289728,107209,3983208
14-12-2016,991,1004.95,984.1,999.75,2682939452,63665,2691307
13-12-2016,980.5,992.85,971.1,990.2,2388175697,71109,2427141
12-12-2016,982.8,982.8,965.2,977.35,2599982626,74619,2672510
09-12-2016,985,1008.15,981.5,989.35,4304149911,121111,4324192
08-12-2016,970.05,986.1,970.05,984.65,2920977613,83482,2970831
07-12-2016,968,973,960.2,966.4,1637934319,77351,1692990
06-12-2016,961.8,979.5,961.65,966.5,1729462850,64774,1781055
05-12-2016,965.9,968.6,958,961.65,1759944182,57931,1829788
02-12-2016,964.8,969.6,961.1,964.5,2150941267,130557,2226614
01-12-2016,976,983.55,967,975.6,2247777694,68019,2305795
30-11-2016,973,977,961.05,975.55,4137474120,99676,4250459
29-11-2016,978.8,984.7,967.1,972.6,2991717837,84322,3062753
28-11-2016,979.3,983.45,970.6,979.75,3602267991,114279,3682856
25-11-2016,930.45,985,930.45,977.5,6137814601,206134,6315690
24-11-2016,928.2,939.9,923.3,930.3,7817314314,131479,8390322
23-11-2016,922.1,922.9,912.45,920.25,3790922746,130883,4125893
22-11-2016,916.9,928.65,911.65,914.2,2517129608,106048,2741563
21-11-2016,926.9,926.9,906.95,911.1,3647743382,129057,3970284
18-11-2016,930,933.25,917.5,920,2796602729,121639,3020114
17-11-2016,934.25,949,926.4,929.8,2676845191,117685,2853365
16-11-2016,930,956.85,928.55,940.9,5782269259,177387,6111308
15-11-2016,924,939.95,908.55,923.55,4270173169,290307,4617925
11-11-2016,940,945,918.7,921.55,3290317525,91104,3548391
10-11-2016,962.5,962.5,935,939.4,3440236246,110042,3643665
09-11-2016,930,974.6,901,958.3,6068657393,150348,6382079
08-11-2016,986.9,987.75,970.6,982.6,2576778481,75639,2630554
07-11-2016,985,986,975,977.95,2224535618,62718,2268836
04-11-2016,967,979.2,961,971,2914529709,123012,3002774
03-11-2016,981.05,982,965.1,966.85,2534834117,132420,2612554
02-11-2016,984.8,987.5,980,981.05,2641723819,105692,2688597
01-11-2016,1006.8,1006.8,986.4,989.45,3142237325,126304,3166399
30-10-2016,1001,1005.95,999.8,1002.1,319718260.7,14192,319036
28-10-2016,1005.2,1010,993.15,997.5,2916078942,76622,2920353
27-10-2016,1017.9,1017.95,1001.1,1003.5,3639452891,103905,3613895
26-10-2016,1017,1019.85,1009.3,1014.2,1406142594,49773,1387608
25-10-2016,1036.5,1038.9,1015.2,1017.2,2881233443,80752,2818007
24-10-2016,1037.5,1042.7,1025.5,1027.1,1495478010,44094,1451487
21-10-2016,1035,1041,1022.5,1038.3,2001515443,59548,1931810
20-10-2016,1044.75,1050.7,1033.8,1036.65,1837490210,53760,1767745
19-10-2016,1042,1045.7,1036,1041.8,1828720112,46788,1754918
18-10-2016,1030,1040.5,1027.3,1039.05,3300781474,64906,3194067
17-10-2016,1034.95,1041.8,1017.35,1022.4,4121892313,74006,4007429
14-10-2016,1052.9,1082.7,996.25,1027.15,17332866114,374818,16730845
13-10-2016,1021.4,1058,1021.4,1052.35,5126616164,144394,4889345
10-10-2016,1017,1031.75,1010,1029.95,2770559297,64262,2706585
07-10-2016,1029.95,1033.8,1010.1,1012.55,3197411006,134156,3144279
06-10-2016,1045,1045,1025.95,1027.4,1915811566,82909,1860941
05-10-2016,1049.2,1049.85,1037,1041.5,1201412564,49296,1153787
04-10-2016,1040,1051.4,1038.3,1049.2,2646274899,53736,2533293
03-10-2016,1035.5,1040,1026.1,1038.1,1891074154,64407,1828080
30-09-2016,1031.1,1043.9,1031.1,1036.05,3379989891,66361,3251177
29-09-2016,1044.95,1044.95,1024,1029.2,4591119674,79293,4451319
28-09-2016,1040,1042.3,1033.25,1038.95,2820298182,45609,2717354
27-09-2016,1035.05,1049.9,1033.35,1039.75,3401748998,62988,3262830
26-09-2016,1042.75,1044,1031,1035.9,3300515054,80536,3185899
23-09-2016,1057,1058.8,1040,1042.55,2729960271.05,57629,2602647
22-09-2016,1059,1061,1052,1058.8,1918861654,80240,1814757
21-09-2016,1054,1061.25,1051.05,1055.75,2235039198,68813,2115766
20-09-2016,1053.3,1057.15,1045.75,1050.15,2210615656,90429,2107002
19-09-2016,1046,1068.9,1041.35,1061.2,3083488888,70094,2904577
16-09-2016,1049,1064.5,1038.1,1060.15,5247899728,98707,4974692
15-09-2016,1045.6,1046.8,1035.35,1042.2,2442780874,53602,2350861
14-09-2016,1053.95,1057.8,1040.65,1045.6,2709659227,79152,2576209
12-09-2016,1025.25,1058,1025.25,1054,3265470607,104493,3101548
09-09-2016,1037,1041,1026.55,1035.5,2612343990,96783,2526719
08-09-2016,1045,1045,1024,1037.65,4698542573,108004,4546387
07-09-2016,1048,1059,1044,1054.35,3909393157,103327,3712735
06-09-2016,1038.25,1048.9,1035.6,1045,4291968460,105919,4107522
02-09-2016,1039.05,1040,1026.2,1031.85,1720872550,67456,1666296
01-09-2016,1038,1040.45,1032,1037.55,1491112695,48366,1438913
31-08-2016,1037.1,1045.75,1027.8,1035.85,5777732671,131672,5569907
30-08-2016,1032.45,1045,1025,1040.4,2264785516,76218,2187719
29-08-2016,1017.6,1030,1011,1022.8,2658142523,137001,2610141
26-08-2016,1036,1046,1017.05,1020.25,3536957213,144271,3440527
25-08-2016,1055,1057.6,1032.1,1036.15,2497389786,67028,2398281
24-08-2016,1047,1062.05,1047,1057.4,3236633964,118286,3064983
23-08-2016,1020.1,1042,1020.1,1039.65,3828422615,135014,3703069
22-08-2016,1018,1030,1009.1,1015.45,5200200616,184159,5126759
19-08-2016,1030,1039,1018.45,1021.3,2919222195,132229,2843008
18-08-2016,1036.5,1039.1,1021.5,1023.4,4338343575,113563,4217000
17-08-2016,1049.95,1052.65,1030.5,1033.3,3424334724,134252,3299658
16-08-2016,1042,1058.05,1028,1051.8,8598374852,177774,8214704
12-08-2016,1075.05,1078.8,1060,1062.55,3983911355,116371,3724964
11-08-2016,1081.7,1095,1075.25,1077.35,2724633995,68282,2519276
10-08-2016,1076,1087.9,1075.2,1082.35,3013968179,72781,2788227
09-08-2016,1077,1084.5,1071.5,1083.4,3883365580,79692,3596332
08-08-2016,1069,1081,1062.55,1078.7,2495374580,86035,2321532
05-08-2016,1072,1073.45,1060,1068,2992534286,98969,2804984
04-08-2016,1086.4,1086.9,1070.05,1071.8,2277331567,64592,2118639
